/*
SQLyog Community v13.1.6 (64 bit)
MySQL - 5.7.34 : Database - gulimall_pms
*********************************************************************
*/

/*!40101 SET NAMES utf8 */;

/*!40101 SET SQL_MODE = ''*/;

/*!40014 SET @OLD_UNIQUE_CHECKS = @@UNIQUE_CHECKS, UNIQUE_CHECKS = 0 */;
/*!40014 SET @OLD_FOREIGN_KEY_CHECKS = @@FOREIGN_KEY_CHECKS, FOREIGN_KEY_CHECKS = 0 */;
/*!40101 SET @OLD_SQL_MODE = @@SQL_MODE, SQL_MODE = 'NO_AUTO_VALUE_ON_ZERO' */;
/*!40111 SET @OLD_SQL_NOTES = @@SQL_NOTES, SQL_NOTES = 0 */;
CREATE
DATABASE /*!32312 IF NOT EXISTS */`gulimall_pms` /*!40100 DEFAULT CHARACTER SET utf8mb4 */;

USE
`gulimall_pms`;

/*Table structure for table `pms_attr` */

DROP TABLE IF EXISTS `pms_attr`;

CREATE TABLE `pms_attr`
(
    `attr_id`       bigint(20) NOT NULL AUTO_INCREMENT COMMENT '属性id',
    `attr_name`     varchar(30)  DEFAULT NULL COMMENT '属性名',
    `icon`          varchar(255) DEFAULT NULL COMMENT '属性图标',
    `value_select`  varchar(255) DEFAULT NULL COMMENT '可选值列表[用逗号分隔]',
    `attr_type`     tinyint(1) DEFAULT NULL COMMENT '属性类型[0-销售属性，1-基本属性，2-既是销售属性又是基本属性]',
    `search_type`   tinyint(1) DEFAULT NULL COMMENT '是否需要检索[0-不需要，1-需要]',
    `enable`        tinyint(1) DEFAULT NULL COMMENT '启用状态[0 - 禁用，1 - 启用]',
    `quick_show`    tinyint(1) DEFAULT NULL COMMENT '快速展示【是否展示在介绍上；0-否 1-是】，在sku中仍然可以调整',
    `attr_group_id` bigint(20) DEFAULT NULL COMMENT '所属属性分组',
    `category_id`   bigint(20) DEFAULT NULL COMMENT '所属分类',
    `create_time`   timestamp NULL DEFAULT NULL COMMENT '创建时间',
    `update_time`   timestamp NULL DEFAULT NULL COMMENT '更新时间',
    PRIMARY KEY (`attr_id`),
    KEY             `idx_catalog_id` (`category_id`),
    KEY             `idx_attr_group_id` (`attr_group_id`)
) ENGINE = InnoDB
  AUTO_INCREMENT = 20
  DEFAULT CHARSET = utf8mb4 COMMENT ='商品属性';

/*Data for the table `pms_attr` */

insert into `pms_attr`(`attr_id`, `attr_name`, `icon`, `value_select`, `attr_type`, `search_type`, `enable`,
                       `quick_show`, `attr_group_id`, `category_id`, `create_time`, `update_time`)
values (7, '产品名称',
        'https://laughingather.oss-cn-qingdao.aliyuncs.com/gulimall/2021-04-21/a80e9d8a-8c3c-46d2-82d5-360598c493e0_美少女科学实验室.jpg',
        '小米10;华为Mate40;苹果12', 1, 1, 1, 1, 1, 225, NULL, NULL),
       (8, '上市年份',
        'https://laughingather.oss-cn-qingdao.aliyuncs.com/gulimall/2021-04-21/a80e9d8a-8c3c-46d2-82d5-360598c493e0_美少女科学实验室.jpg',
        '2021年;2020年', 1, 1, 1, 1, 1, 225, NULL, NULL),
       (9, '品牌',
        'https://laughingather.oss-cn-qingdao.aliyuncs.com/gulimall/2021-04-21/a80e9d8a-8c3c-46d2-82d5-360598c493e0_美少女科学实验室.jpg',
        '小米;华为;苹果', 1, 1, 1, 1, 1, 225, NULL, NULL),
       (10, '机身宽度（mm）',
        'https://laughingather.oss-cn-qingdao.aliyuncs.com/gulimall/2021-04-21/a80e9d8a-8c3c-46d2-82d5-360598c493e0_美少女科学实验室.jpg',
        '75mm;80mm;85mm', 1, 1, 1, 1, 2, 225, NULL, NULL),
       (11, '机身长度（mm）',
        'https://laughingather.oss-cn-qingdao.aliyuncs.com/gulimall/2021-04-21/a80e9d8a-8c3c-46d2-82d5-360598c493e0_美少女科学实验室.jpg',
        '162mm;163mm;164mm;165mm', 1, 1, 1, 1, 2, 225, NULL, '2022-03-10 15:18:47'),
       (12, '颜色',
        'https://laughingather.oss-cn-qingdao.aliyuncs.com/gulimall/2021-04-21/a80e9d8a-8c3c-46d2-82d5-360598c493e0_美少女科学实验室.jpg',
        '黑色;白色;蓝色;绿色', 0, 0, 1, 0, 2, 225, NULL, NULL),
       (13, '内存',
        'https://laughingather.oss-cn-qingdao.aliyuncs.com/gulimall/2021-04-21/a80e9d8a-8c3c-46d2-82d5-360598c493e0_美少女科学实验室.jpg',
        '4G;6G;8G;10G', 0, 0, 1, 0, 2, 225, NULL, NULL),
       (14, '机身厚度（mm）',
        'https://laughingather.oss-cn-qingdao.aliyuncs.com/gulimall/2021-04-21/a80e9d8a-8c3c-46d2-82d5-360598c493e0_美少女科学实验室.jpg',
        '19mm;20mm', 1, 0, 1, 0, 2, 225, NULL, NULL),
       (15, '芯片规格',
        'https://laughingather.oss-cn-qingdao.aliyuncs.com/gulimall/2021-04-21/a80e9d8a-8c3c-46d2-82d5-360598c493e0_美少女科学实验室.jpg',
        '骁龙840;骁龙850;A13;A12;麒麟950;麒麟960', 1, 1, 1, 1, 3, 225, NULL, NULL),
       (16, '主屏幕尺寸',
        'https://laughingather.oss-cn-qingdao.aliyuncs.com/gulimall/2021-04-21/a80e9d8a-8c3c-46d2-82d5-360598c493e0_美少女科学实验室.jpg',
        '其他尺寸', 1, 0, 1, 0, 4, 225, NULL, NULL),
       (17, '屏幕材质类型',
        'https://laughingather.oss-cn-qingdao.aliyuncs.com/gulimall/2021-04-21/a80e9d8a-8c3c-46d2-82d5-360598c493e0_美少女科学实验室.jpg',
        'LED;OLED', 1, 0, 1, 0, 4, 225, NULL, NULL),
       (19, '网络', NULL, '3G;4G;5G', 0, 1, 1, 1, 2, 225, '2022-03-08 17:18:59', NULL);

/*Table structure for table `pms_attr_group` */

DROP TABLE IF EXISTS `pms_attr_group`;

CREATE TABLE `pms_attr_group`
(
    `attr_group_id`   bigint(20) NOT NULL AUTO_INCREMENT COMMENT '分组id',
    `attr_group_name` char(20)     DEFAULT NULL COMMENT '组名',
    `icon`            varchar(255) DEFAULT NULL COMMENT '组图标',
    `sort`            int(11) DEFAULT NULL COMMENT '排序',
    `description`     varchar(255) DEFAULT NULL COMMENT '描述',
    `category_id`     bigint(20) DEFAULT NULL COMMENT '所属分类id',
    `create_time`     timestamp NULL DEFAULT NULL COMMENT '创建时间',
    `update_time`     timestamp NULL DEFAULT NULL COMMENT '更新时间',
    PRIMARY KEY (`attr_group_id`),
    KEY               `idx_category_id` (`category_id`)
) ENGINE = InnoDB
  AUTO_INCREMENT = 5
  DEFAULT CHARSET = utf8mb4 COMMENT ='属性分组';

/*Data for the table `pms_attr_group` */

insert into `pms_attr_group`(`attr_group_id`, `attr_group_name`, `icon`, `sort`, `description`, `category_id`,
                             `create_time`, `update_time`)
values (1, '主体',
        'https://laughingather.oss-cn-qingdao.aliyuncs.com/gulimall/2021-04-21/a80e9d8a-8c3c-46d2-82d5-360598c493e0_美少女科学实验室.jpg',
        0, '主体', 225, '2022-03-13 06:13:56', NULL),
       (2, '基本信息',
        'https://laughingather.oss-cn-qingdao.aliyuncs.com/gulimall/2021-04-21/a80e9d8a-8c3c-46d2-82d5-360598c493e0_美少女科学实验室.jpg',
        1, '基本信息', 225, '2022-03-13 06:14:00', NULL),
       (3, '主芯片',
        'https://laughingather.oss-cn-qingdao.aliyuncs.com/gulimall/2021-04-21/a80e9d8a-8c3c-46d2-82d5-360598c493e0_美少女科学实验室.jpg',
        0, '芯片处理器', 225, '2022-03-13 06:14:02', NULL),
       (4, '屏幕',
        'https://laughingather.oss-cn-qingdao.aliyuncs.com/gulimall/2021-04-21/a80e9d8a-8c3c-46d2-82d5-360598c493e0_美少女科学实验室.jpg',
        1, '屏幕参数', 225, '2022-03-13 06:14:04', NULL);

/*Table structure for table `pms_brand` */

DROP TABLE IF EXISTS `pms_brand`;

CREATE TABLE `pms_brand`
(
    `brand_id`     bigint(20) NOT NULL AUTO_INCREMENT COMMENT '品牌id',
    `brand_name`   varchar(50)  DEFAULT NULL COMMENT '品牌名',
    `first_letter` char(1)      DEFAULT NULL COMMENT '检索首字母',
    `logo`         varchar(511) DEFAULT NULL COMMENT '品牌logo地址',
    `description`  longtext COMMENT '介绍',
    `show_status`  tinyint(1) DEFAULT NULL COMMENT '显示状态[0-不显示；1-显示]',
    `sort`         int(11) DEFAULT NULL COMMENT '排序',
    `create_time`  timestamp NULL DEFAULT NULL COMMENT '创建时间',
    `update_time`  timestamp NULL DEFAULT NULL COMMENT '更新时间',
    PRIMARY KEY (`brand_id`)
) ENGINE = InnoDB
  AUTO_INCREMENT = 11
  DEFAULT CHARSET = utf8mb4 COMMENT ='品牌';

/*Data for the table `pms_brand` */

insert into `pms_brand`(`brand_id`, `brand_name`, `first_letter`, `logo`, `description`, `show_status`, `sort`,
                        `create_time`, `update_time`)
values (1, '华为', 'H',
        'https://laughingather.oss-cn-qingdao.aliyuncs.com/gulimall/2021-04-21/1a090fc8-7b5f-4672-827b-5e76a64a887c_黎明风景女子后背.jpg',
        '为中华崛起而为之', 1, 0, '2022-02-17 02:24:59', NULL),
       (5, '小米', 'X',
        'https://laughingather.oss-cn-qingdao.aliyuncs.com/gulimall/2021-04-21/a80e9d8a-8c3c-46d2-82d5-360598c493e0_美少女科学实验室.jpg',
        '为发烧而生', 1, 0, '2022-02-17 02:25:02', NULL),
       (6, '苹果', 'P',
        'https://laughingather.oss-cn-qingdao.aliyuncs.com/gulimall/2021-04-22/fefdedcc-70de-4d44-8cb2-00fd20cb900b_少女背部写真.jpg',
        '砸过牛顿的苹果', 1, 1, '2022-02-17 02:25:04', '2022-03-13 13:48:06'),
       (9, '三星', 'S',
        'https://laughingather.oss-cn-qingdao.aliyuncs.com/gulimall/2022-03-01/37e0992f-41cf-4a67-82e3-3caab1e8faf2_清晨桂林漓江山水风景.jpg',
        '小西巴', 1, 0, '2022-03-01 16:18:26', NULL),
       (10, '索尼', 'S',
        'https://laughingather.oss-cn-qingdao.aliyuncs.com/gulimall/2022-03-08/f9c93a53-ca37-400f-8a36-d928109e07b7_少女背部写真.jpg',
        '小樱花', 1, 0, '2022-03-08 15:44:20', NULL);

/*Table structure for table `pms_category` */

DROP TABLE IF EXISTS `pms_category`;

CREATE TABLE `pms_category`
(
    `category_id`    bigint(20) NOT NULL AUTO_INCREMENT COMMENT '分类id',
    `category_name`  char(50) DEFAULT NULL COMMENT '分类名称',
    `parent_id`      bigint(20) DEFAULT NULL COMMENT '父分类id',
    `category_level` tinyint(1) DEFAULT NULL COMMENT '层级',
    `show_status`    tinyint(1) DEFAULT NULL COMMENT '是否显示[0-不显示，1显示]',
    `sort`           int(11) DEFAULT NULL COMMENT '排序',
    `create_time`    timestamp NULL DEFAULT NULL COMMENT '创建时间',
    `update_time`    timestamp NULL DEFAULT NULL COMMENT '更新时间',
    PRIMARY KEY (`category_id`),
    KEY              `idx_parent_id` (`parent_id`)
) ENGINE = InnoDB
  AUTO_INCREMENT = 1424
  DEFAULT CHARSET = utf8mb4 COMMENT ='商品三级分类';

/*Data for the table `pms_category` */

insert into `pms_category`(`category_id`, `category_name`, `parent_id`, `category_level`, `show_status`, `sort`,
                           `create_time`, `update_time`)
values (1, '图书、音像、电子书刊', 0, 1, 1, 0, NULL, NULL),
       (2, '手机', 0, 1, 1, 0, NULL, NULL),
       (3, '家用电器', 0, 1, 1, 0, NULL, NULL),
       (4, '数码', 0, 1, 1, 0, NULL, NULL),
       (5, '家居家装', 0, 1, 1, 0, NULL, NULL),
       (6, '电脑办公', 0, 1, 1, 0, NULL, NULL),
       (7, '厨具', 0, 1, 1, 0, NULL, NULL),
       (8, '个护化妆', 0, 1, 1, 0, NULL, NULL),
       (9, '服饰内衣', 0, 1, 1, 0, NULL, NULL),
       (10, '钟表', 0, 1, 1, 0, NULL, NULL),
       (11, '鞋靴', 0, 1, 1, 0, NULL, NULL),
       (12, '母婴', 0, 1, 1, 0, NULL, NULL),
       (13, '礼品箱包', 0, 1, 1, 0, NULL, NULL),
       (14, '食品饮料、保健食品', 0, 1, 1, 0, NULL, NULL),
       (15, '珠宝', 0, 1, 1, 0, NULL, NULL),
       (16, '汽车用品', 0, 1, 1, 0, NULL, NULL),
       (17, '运动健康', 0, 1, 1, 0, NULL, NULL),
       (18, '玩具乐器', 0, 1, 1, 0, NULL, NULL),
       (19, '彩票、旅行、充值、票务', 0, 1, 1, 0, NULL, NULL),
       (20, '生鲜', 0, 1, 1, 0, NULL, NULL),
       (21, '整车', 0, 1, 1, 0, NULL, NULL),
       (22, '电子书刊', 1, 2, 1, 0, NULL, NULL),
       (23, '音像', 1, 2, 1, 0, NULL, NULL),
       (24, '英文原版', 1, 2, 1, 0, NULL, NULL),
       (25, '文艺', 1, 2, 1, 0, NULL, NULL),
       (26, '少儿', 1, 2, 1, 0, NULL, NULL),
       (27, '人文社科', 1, 2, 1, 0, NULL, NULL),
       (28, '经管励志', 1, 2, 1, 0, NULL, NULL),
       (29, '生活', 1, 2, 1, 0, NULL, NULL),
       (30, '科技', 1, 2, 1, 0, NULL, NULL),
       (31, '教育', 1, 2, 1, 0, NULL, NULL),
       (32, '港台图书', 1, 2, 1, 0, NULL, NULL),
       (33, '其他', 1, 2, 1, 0, NULL, NULL),
       (34, '手机通讯', 2, 2, 1, 0, NULL, NULL),
       (35, '运营商', 2, 2, 1, 0, NULL, NULL),
       (36, '手机配件', 2, 2, 1, 0, NULL, NULL),
       (37, '大 家 电', 3, 2, 1, 0, NULL, NULL),
       (38, '厨卫大电', 3, 2, 1, 0, NULL, NULL),
       (39, '厨房小电', 3, 2, 1, 0, NULL, NULL),
       (40, '生活电器', 3, 2, 1, 0, NULL, NULL),
       (41, '个护健康', 3, 2, 1, 0, NULL, NULL),
       (42, '五金家装', 3, 2, 1, 0, NULL, NULL),
       (43, '摄影摄像', 4, 2, 1, 0, NULL, NULL),
       (44, '数码配件', 4, 2, 1, 0, NULL, NULL),
       (45, '智能设备', 4, 2, 1, 0, NULL, NULL),
       (46, '影音娱乐', 4, 2, 1, 0, NULL, NULL),
       (47, '电子教育', 4, 2, 1, 0, NULL, NULL),
       (48, '虚拟商品', 4, 2, 1, 0, NULL, NULL),
       (49, '家纺', 5, 2, 1, 0, NULL, NULL),
       (50, '灯具', 5, 2, 1, 0, NULL, NULL),
       (51, '生活日用', 5, 2, 1, 0, NULL, NULL),
       (52, '家装软饰', 5, 2, 1, 0, NULL, NULL),
       (53, '宠物生活', 5, 2, 1, 0, NULL, NULL),
       (54, '电脑整机', 6, 2, 1, 0, NULL, NULL),
       (55, '电脑配件', 6, 2, 1, 0, NULL, NULL),
       (56, '外设产品', 6, 2, 1, 0, NULL, NULL),
       (57, '游戏设备', 6, 2, 1, 0, NULL, NULL),
       (58, '网络产品', 6, 2, 1, 0, NULL, NULL),
       (59, '办公设备', 6, 2, 1, 0, NULL, NULL),
       (60, '文具/耗材', 6, 2, 1, 0, NULL, NULL),
       (61, '服务产品', 6, 2, 1, 0, NULL, NULL),
       (62, '烹饪锅具', 7, 2, 1, 0, NULL, NULL),
       (63, '刀剪菜板', 7, 2, 1, 0, NULL, NULL),
       (64, '厨房配件', 7, 2, 1, 0, NULL, NULL),
       (65, '水具酒具', 7, 2, 1, 0, NULL, NULL),
       (66, '餐具', 7, 2, 1, 0, NULL, NULL),
       (67, '酒店用品', 7, 2, 1, 0, NULL, NULL),
       (68, '茶具/咖啡具', 7, 2, 1, 0, NULL, NULL),
       (69, '清洁用品', 8, 2, 1, 0, NULL, NULL),
       (70, '面部护肤', 8, 2, 1, 0, NULL, NULL),
       (71, '身体护理', 8, 2, 1, 0, NULL, NULL),
       (72, '口腔护理', 8, 2, 1, 0, NULL, NULL),
       (73, '女性护理', 8, 2, 1, 0, NULL, NULL),
       (74, '洗发护发', 8, 2, 1, 0, NULL, NULL),
       (75, '香水彩妆', 8, 2, 1, 0, NULL, NULL),
       (76, '女装', 9, 2, 1, 0, NULL, NULL),
       (77, '男装', 9, 2, 1, 0, NULL, NULL),
       (78, '内衣', 9, 2, 1, 0, NULL, NULL),
       (79, '洗衣服务', 9, 2, 1, 0, NULL, NULL),
       (80, '服饰配件', 9, 2, 1, 0, NULL, NULL),
       (81, '钟表', 10, 2, 1, 0, NULL, NULL),
       (82, '流行男鞋', 11, 2, 1, 0, NULL, NULL),
       (83, '时尚女鞋', 11, 2, 1, 0, NULL, NULL),
       (84, '奶粉', 12, 2, 1, 0, NULL, NULL),
       (85, '营养辅食', 12, 2, 1, 0, NULL, NULL),
       (86, '尿裤湿巾', 12, 2, 1, 0, NULL, NULL),
       (87, '喂养用品', 12, 2, 1, 0, NULL, NULL),
       (88, '洗护用品', 12, 2, 1, 0, NULL, NULL),
       (89, '童车童床', 12, 2, 1, 0, NULL, NULL),
       (90, '寝居服饰', 12, 2, 1, 0, NULL, NULL),
       (91, '妈妈专区', 12, 2, 1, 0, NULL, NULL),
       (92, '童装童鞋', 12, 2, 1, 0, NULL, NULL),
       (93, '安全座椅', 12, 2, 1, 0, NULL, NULL),
       (94, '潮流女包', 13, 2, 1, 0, NULL, NULL),
       (95, '精品男包', 13, 2, 1, 0, NULL, NULL),
       (96, '功能箱包', 13, 2, 1, 0, NULL, NULL),
       (97, '礼品', 13, 2, 1, 0, NULL, NULL),
       (98, '奢侈品', 13, 2, 1, 0, NULL, NULL),
       (99, '婚庆', 13, 2, 1, 0, NULL, NULL),
       (100, '进口食品', 14, 2, 1, 0, NULL, NULL),
       (101, '地方特产', 14, 2, 1, 0, NULL, NULL),
       (102, '休闲食品', 14, 2, 1, 0, NULL, NULL),
       (103, '粮油调味', 14, 2, 1, 0, NULL, NULL),
       (104, '饮料冲调', 14, 2, 1, 0, NULL, NULL),
       (105, '食品礼券', 14, 2, 1, 0, NULL, NULL),
       (106, '茗茶', 14, 2, 1, 0, NULL, NULL),
       (107, '时尚饰品', 15, 2, 1, 0, NULL, NULL),
       (108, '黄金', 15, 2, 1, 0, NULL, NULL),
       (109, 'K金饰品', 15, 2, 1, 0, NULL, NULL),
       (110, '金银投资', 15, 2, 1, 0, NULL, NULL),
       (111, '银饰', 15, 2, 1, 0, NULL, NULL),
       (112, '钻石', 15, 2, 1, 0, NULL, NULL),
       (113, '翡翠玉石', 15, 2, 1, 0, NULL, NULL),
       (114, '水晶玛瑙', 15, 2, 1, 0, NULL, NULL),
       (115, '彩宝', 15, 2, 1, 0, NULL, NULL),
       (116, '铂金', 15, 2, 1, 0, NULL, NULL),
       (117, '木手串/把件', 15, 2, 1, 0, NULL, NULL),
       (118, '珍珠', 15, 2, 1, 0, NULL, NULL),
       (119, '维修保养', 16, 2, 1, 0, NULL, NULL),
       (120, '车载电器', 16, 2, 1, 0, NULL, NULL),
       (121, '美容清洗', 16, 2, 1, 0, NULL, NULL),
       (122, '汽车装饰', 16, 2, 1, 0, NULL, NULL),
       (123, '安全自驾', 16, 2, 1, 0, NULL, NULL),
       (124, '汽车服务', 16, 2, 1, 0, NULL, NULL),
       (125, '赛事改装', 16, 2, 1, 0, NULL, NULL),
       (126, '运动鞋包', 17, 2, 1, 0, NULL, NULL),
       (127, '运动服饰', 17, 2, 1, 0, NULL, NULL),
       (128, '骑行运动', 17, 2, 1, 0, NULL, NULL),
       (129, '垂钓用品', 17, 2, 1, 0, NULL, NULL),
       (130, '游泳用品', 17, 2, 1, 0, NULL, NULL),
       (131, '户外鞋服', 17, 2, 1, 0, NULL, NULL),
       (132, '户外装备', 17, 2, 1, 0, NULL, NULL),
       (133, '健身训练', 17, 2, 1, 0, NULL, NULL),
       (134, '体育用品', 17, 2, 1, 0, NULL, NULL),
       (135, '适用年龄', 18, 2, 1, 0, NULL, NULL),
       (136, '遥控/电动', 18, 2, 1, 0, NULL, NULL),
       (137, '毛绒布艺', 18, 2, 1, 0, NULL, NULL),
       (138, '娃娃玩具', 18, 2, 1, 0, NULL, NULL),
       (139, '模型玩具', 18, 2, 1, 0, NULL, NULL),
       (140, '健身玩具', 18, 2, 1, 0, NULL, NULL),
       (141, '动漫玩具', 18, 2, 1, 0, NULL, NULL),
       (142, '益智玩具', 18, 2, 1, 0, NULL, NULL),
       (143, '积木拼插', 18, 2, 1, 0, NULL, NULL),
       (144, 'DIY玩具', 18, 2, 1, 0, NULL, NULL),
       (145, '创意减压', 18, 2, 1, 0, NULL, NULL),
       (146, '乐器', 18, 2, 1, 0, NULL, NULL),
       (147, '彩票', 19, 2, 1, 0, NULL, NULL),
       (148, '机票', 19, 2, 1, 0, NULL, NULL),
       (149, '酒店', 19, 2, 1, 0, NULL, NULL),
       (150, '旅行', 19, 2, 1, 0, NULL, NULL),
       (151, '充值', 19, 2, 1, 0, NULL, NULL),
       (152, '游戏', 19, 2, 1, 0, NULL, NULL),
       (153, '票务', 19, 2, 1, 0, NULL, NULL),
       (154, '产地直供', 20, 2, 1, 0, NULL, NULL),
       (155, '水果', 20, 2, 1, 0, NULL, NULL),
       (156, '猪牛羊肉', 20, 2, 1, 0, NULL, NULL),
       (157, '海鲜水产', 20, 2, 1, 0, NULL, NULL),
       (158, '禽肉蛋品', 20, 2, 1, 0, NULL, NULL),
       (159, '冷冻食品', 20, 2, 1, 0, NULL, NULL),
       (160, '熟食腊味', 20, 2, 1, 0, NULL, NULL),
       (161, '饮品甜品', 20, 2, 1, 0, NULL, NULL),
       (162, '蔬菜', 20, 2, 1, 0, NULL, NULL),
       (163, '全新整车', 21, 2, 1, 0, NULL, NULL),
       (164, '二手车', 21, 2, 1, 0, NULL, NULL),
       (165, '电子书', 22, 3, 1, 0, NULL, NULL),
       (166, '网络原创', 22, 3, 1, 0, NULL, NULL),
       (167, '数字杂志', 22, 3, 1, 0, NULL, NULL),
       (168, '多媒体图书', 22, 3, 1, 0, NULL, NULL),
       (169, '音乐', 23, 3, 1, 0, NULL, NULL),
       (170, '影视', 23, 3, 1, 0, NULL, NULL),
       (171, '教育音像', 23, 3, 1, 0, NULL, NULL),
       (172, '少儿', 24, 3, 1, 0, NULL, NULL),
       (173, '商务投资', 24, 3, 1, 0, NULL, NULL),
       (174, '英语学习与考试', 24, 3, 1, 0, NULL, NULL),
       (175, '文学', 24, 3, 1, 0, NULL, NULL),
       (176, '传记', 24, 3, 1, 0, NULL, NULL),
       (177, '励志', 24, 3, 1, 0, NULL, NULL),
       (178, '小说', 25, 3, 1, 0, NULL, NULL),
       (179, '文学', 25, 3, 1, 0, NULL, NULL),
       (180, '青春文学', 25, 3, 1, 0, NULL, NULL),
       (181, '传记', 25, 3, 1, 0, NULL, NULL),
       (182, '艺术', 25, 3, 1, 0, NULL, NULL),
       (183, '少儿', 26, 3, 1, 0, NULL, NULL),
       (184, '0-2岁', 26, 3, 1, 0, NULL, NULL),
       (185, '3-6岁', 26, 3, 1, 0, NULL, NULL),
       (186, '7-10岁', 26, 3, 1, 0, NULL, NULL),
       (187, '11-14岁', 26, 3, 1, 0, NULL, NULL),
       (188, '历史', 27, 3, 1, 0, NULL, NULL),
       (189, '哲学', 27, 3, 1, 0, NULL, NULL),
       (190, '国学', 27, 3, 1, 0, NULL, NULL),
       (191, '政治/军事', 27, 3, 1, 0, NULL, NULL),
       (192, '法律', 27, 3, 1, 0, NULL, NULL),
       (193, '人文社科', 27, 3, 1, 0, NULL, NULL),
       (194, '心理学', 27, 3, 1, 0, NULL, NULL),
       (195, '文化', 27, 3, 1, 0, NULL, NULL),
       (196, '社会科学', 27, 3, 1, 0, NULL, NULL),
       (197, '经济', 28, 3, 1, 0, NULL, NULL),
       (198, '金融与投资', 28, 3, 1, 0, NULL, NULL),
       (199, '管理', 28, 3, 1, 0, NULL, NULL),
       (200, '励志与成功', 28, 3, 1, 0, NULL, NULL),
       (201, '生活', 29, 3, 1, 0, NULL, NULL),
       (202, '健身与保健', 29, 3, 1, 0, NULL, NULL),
       (203, '家庭与育儿', 29, 3, 1, 0, NULL, NULL),
       (204, '旅游', 29, 3, 1, 0, NULL, NULL),
       (205, '烹饪美食', 29, 3, 1, 0, NULL, NULL),
       (206, '工业技术', 30, 3, 1, 0, NULL, NULL),
       (207, '科普读物', 30, 3, 1, 0, NULL, NULL),
       (208, '建筑', 30, 3, 1, 0, NULL, NULL),
       (209, '医学', 30, 3, 1, 0, NULL, NULL),
       (210, '科学与自然', 30, 3, 1, 0, NULL, NULL),
       (211, '计算机与互联网', 30, 3, 1, 0, NULL, NULL),
       (212, '电子通信', 30, 3, 1, 0, NULL, NULL),
       (213, '中小学教辅', 31, 3, 1, 0, NULL, NULL),
       (214, '教育与考试', 31, 3, 1, 0, NULL, NULL),
       (215, '外语学习', 31, 3, 1, 0, NULL, NULL),
       (216, '大中专教材', 31, 3, 1, 0, NULL, NULL),
       (217, '字典词典', 31, 3, 1, 0, NULL, NULL),
       (218, '艺术/设计/收藏', 32, 3, 1, 0, NULL, NULL),
       (219, '经济管理', 32, 3, 1, 0, NULL, NULL),
       (220, '文化/学术', 32, 3, 1, 0, NULL, NULL),
       (221, '少儿', 32, 3, 1, 0, NULL, NULL),
       (222, '工具书', 33, 3, 1, 0, NULL, NULL),
       (223, '杂志/期刊', 33, 3, 1, 0, NULL, NULL),
       (224, '套装书', 33, 3, 1, 0, NULL, NULL),
       (225, '手机', 34, 3, 1, 0, NULL, NULL),
       (226, '对讲机', 34, 3, 1, 0, NULL, NULL),
       (227, '合约机', 35, 3, 1, 0, NULL, NULL),
       (228, '选号中心', 35, 3, 1, 0, NULL, NULL),
       (229, '装宽带', 35, 3, 1, 0, NULL, NULL),
       (230, '办套餐', 35, 3, 1, 0, NULL, NULL),
       (231, '移动电源', 36, 3, 1, 0, NULL, NULL),
       (232, '电池/移动电源', 36, 3, 1, 0, NULL, NULL),
       (233, '蓝牙耳机', 36, 3, 1, 0, NULL, NULL),
       (234, '充电器/数据线', 36, 3, 1, 0, NULL, NULL),
       (235, '苹果周边', 36, 3, 1, 0, NULL, NULL),
       (236, '手机耳机', 36, 3, 1, 0, NULL, NULL),
       (237, '手机贴膜', 36, 3, 1, 0, NULL, NULL),
       (238, '手机存储卡', 36, 3, 1, 0, NULL, NULL),
       (239, '充电器', 36, 3, 1, 0, NULL, NULL),
       (240, '数据线', 36, 3, 1, 0, NULL, NULL),
       (241, '手机保护套', 36, 3, 1, 0, NULL, NULL),
       (242, '车载配件', 36, 3, 1, 0, NULL, NULL),
       (243, 'iPhone 配件', 36, 3, 1, 0, NULL, NULL),
       (244, '手机电池', 36, 3, 1, 0, NULL, NULL),
       (245, '创意配件', 36, 3, 1, 0, NULL, NULL),
       (246, '便携/无线音响', 36, 3, 1, 0, NULL, NULL),
       (247, '手机饰品', 36, 3, 1, 0, NULL, NULL),
       (248, '拍照配件', 36, 3, 1, 0, NULL, NULL),
       (249, '手机支架', 36, 3, 1, 0, NULL, NULL),
       (250, '平板电视', 37, 3, 1, 0, NULL, NULL),
       (251, '空调', 37, 3, 1, 0, NULL, NULL),
       (252, '冰箱', 37, 3, 1, 0, NULL, NULL),
       (253, '洗衣机', 37, 3, 1, 0, NULL, NULL),
       (254, '家庭影院', 37, 3, 1, 0, NULL, NULL),
       (255, 'DVD/电视盒子', 37, 3, 1, 0, NULL, NULL),
       (256, '迷你音响', 37, 3, 1, 0, NULL, NULL),
       (257, '冷柜/冰吧', 37, 3, 1, 0, NULL, NULL),
       (258, '家电配件', 37, 3, 1, 0, NULL, NULL),
       (259, '功放', 37, 3, 1, 0, NULL, NULL),
       (260, '回音壁/Soundbar', 37, 3, 1, 0, NULL, NULL),
       (261, 'Hi-Fi专区', 37, 3, 1, 0, NULL, NULL),
       (262, '电视盒子', 37, 3, 1, 0, NULL, NULL),
       (263, '酒柜', 37, 3, 1, 0, NULL, NULL),
       (264, '燃气灶', 38, 3, 1, 0, NULL, NULL),
       (265, '油烟机', 38, 3, 1, 0, NULL, NULL),
       (266, '热水器', 38, 3, 1, 0, NULL, NULL),
       (267, '消毒柜', 38, 3, 1, 0, NULL, NULL),
       (268, '洗碗机', 38, 3, 1, 0, NULL, NULL),
       (269, '料理机', 39, 3, 1, 0, NULL, NULL),
       (270, '榨汁机', 39, 3, 1, 0, NULL, NULL),
       (271, '电饭煲', 39, 3, 1, 0, NULL, NULL),
       (272, '电压力锅', 39, 3, 1, 0, NULL, NULL),
       (273, '豆浆机', 39, 3, 1, 0, NULL, NULL),
       (274, '咖啡机', 39, 3, 1, 0, NULL, NULL),
       (275, '微波炉', 39, 3, 1, 0, NULL, NULL),
       (276, '电烤箱', 39, 3, 1, 0, NULL, NULL),
       (277, '电磁炉', 39, 3, 1, 0, NULL, NULL),
       (278, '面包机', 39, 3, 1, 0, NULL, NULL),
       (279, '煮蛋器', 39, 3, 1, 0, NULL, NULL),
       (280, '酸奶机', 39, 3, 1, 0, NULL, NULL),
       (281, '电炖锅', 39, 3, 1, 0, NULL, NULL),
       (282, '电水壶/热水瓶', 39, 3, 1, 0, NULL, NULL),
       (283, '电饼铛', 39, 3, 1, 0, NULL, NULL),
       (284, '多用途锅', 39, 3, 1, 0, NULL, NULL),
       (285, '电烧烤炉', 39, 3, 1, 0, NULL, NULL),
       (286, '果蔬解毒机', 39, 3, 1, 0, NULL, NULL),
       (287, '其它厨房电器', 39, 3, 1, 0, NULL, NULL),
       (288, '养生壶/煎药壶', 39, 3, 1, 0, NULL, NULL),
       (289, '电热饭盒', 39, 3, 1, 0, NULL, NULL),
       (290, '取暖电器', 40, 3, 1, 0, NULL, NULL),
       (291, '净化器', 40, 3, 1, 0, NULL, NULL),
       (292, '加湿器', 40, 3, 1, 0, NULL, NULL),
       (293, '扫地机器人', 40, 3, 1, 0, NULL, NULL),
       (294, '吸尘器', 40, 3, 1, 0, NULL, NULL),
       (295, '挂烫机/熨斗', 40, 3, 1, 0, NULL, NULL),
       (296, '插座', 40, 3, 1, 0, NULL, NULL),
       (297, '电话机', 40, 3, 1, 0, NULL, NULL),
       (298, '清洁机', 40, 3, 1, 0, NULL, NULL),
       (299, '除湿机', 40, 3, 1, 0, NULL, NULL),
       (300, '干衣机', 40, 3, 1, 0, NULL, NULL),
       (301, '收录/音机', 40, 3, 1, 0, NULL, NULL),
       (302, '电风扇', 40, 3, 1, 0, NULL, NULL),
       (303, '冷风扇', 40, 3, 1, 0, NULL, NULL),
       (304, '其它生活电器', 40, 3, 1, 0, NULL, NULL),
       (305, '生活电器配件', 40, 3, 1, 0, NULL, NULL),
       (306, '净水器', 40, 3, 1, 0, NULL, NULL),
       (307, '饮水机', 40, 3, 1, 0, NULL, NULL),
       (308, '剃须刀', 41, 3, 1, 0, NULL, NULL),
       (309, '剃/脱毛器', 41, 3, 1, 0, NULL, NULL),
       (310, '口腔护理', 41, 3, 1, 0, NULL, NULL),
       (311, '电吹风', 41, 3, 1, 0, NULL, NULL),
       (312, '美容器', 41, 3, 1, 0, NULL, NULL),
       (313, '理发器', 41, 3, 1, 0, NULL, NULL),
       (314, '卷/直发器', 41, 3, 1, 0, NULL, NULL),
       (315, '按摩椅', 41, 3, 1, 0, NULL, NULL),
       (316, '按摩器', 41, 3, 1, 0, NULL, NULL),
       (317, '足浴盆', 41, 3, 1, 0, NULL, NULL),
       (318, '血压计', 41, 3, 1, 0, NULL, NULL),
       (319, '电子秤/厨房秤', 41, 3, 1, 0, NULL, NULL),
       (320, '血糖仪', 41, 3, 1, 0, NULL, NULL),
       (321, '体温计', 41, 3, 1, 0, NULL, NULL),
       (322, '其它健康电器', 41, 3, 1, 0, NULL, NULL),
       (323, '计步器/脂肪检测仪', 41, 3, 1, 0, NULL, NULL),
       (324, '电动工具', 42, 3, 1, 0, NULL, NULL),
       (325, '手动工具', 42, 3, 1, 0, NULL, NULL),
       (326, '仪器仪表', 42, 3, 1, 0, NULL, NULL),
       (327, '浴霸/排气扇', 42, 3, 1, 0, NULL, NULL),
       (328, '灯具', 42, 3, 1, 0, NULL, NULL),
       (329, 'LED灯', 42, 3, 1, 0, NULL, NULL),
       (330, '洁身器', 42, 3, 1, 0, NULL, NULL),
       (331, '水槽', 42, 3, 1, 0, NULL, NULL),
       (332, '龙头', 42, 3, 1, 0, NULL, NULL),
       (333, '淋浴花洒', 42, 3, 1, 0, NULL, NULL),
       (334, '厨卫五金', 42, 3, 1, 0, NULL, NULL),
       (335, '家具五金', 42, 3, 1, 0, NULL, NULL),
       (336, '门铃', 42, 3, 1, 0, NULL, NULL),
       (337, '电气开关', 42, 3, 1, 0, NULL, NULL),
       (338, '插座', 42, 3, 1, 0, NULL, NULL),
       (339, '电工电料', 42, 3, 1, 0, NULL, NULL),
       (340, '监控安防', 42, 3, 1, 0, NULL, NULL),
       (341, '电线/线缆', 42, 3, 1, 0, NULL, NULL),
       (342, '数码相机', 43, 3, 1, 0, NULL, NULL),
       (343, '单电/微单相机', 43, 3, 1, 0, NULL, NULL),
       (344, '单反相机', 43, 3, 1, 0, NULL, NULL),
       (345, '摄像机', 43, 3, 1, 0, NULL, NULL),
       (346, '拍立得', 43, 3, 1, 0, NULL, NULL),
       (347, '运动相机', 43, 3, 1, 0, NULL, NULL),
       (348, '镜头', 43, 3, 1, 0, NULL, NULL),
       (349, '户外器材', 43, 3, 1, 0, NULL, NULL),
       (350, '影棚器材', 43, 3, 1, 0, NULL, NULL),
       (351, '冲印服务', 43, 3, 1, 0, NULL, NULL),
       (352, '数码相框', 43, 3, 1, 0, NULL, NULL),
       (353, '存储卡', 44, 3, 1, 0, NULL, NULL),
       (354, '读卡器', 44, 3, 1, 0, NULL, NULL),
       (355, '滤镜', 44, 3, 1, 0, NULL, NULL),
       (356, '闪光灯/手柄', 44, 3, 1, 0, NULL, NULL),
       (357, '相机包', 44, 3, 1, 0, NULL, NULL),
       (358, '三脚架/云台', 44, 3, 1, 0, NULL, NULL),
       (359, '相机清洁/贴膜', 44, 3, 1, 0, NULL, NULL),
       (360, '机身附件', 44, 3, 1, 0, NULL, NULL),
       (361, '镜头附件', 44, 3, 1, 0, NULL, NULL),
       (362, '电池/充电器', 44, 3, 1, 0, NULL, NULL),
       (363, '移动电源', 44, 3, 1, 0, NULL, NULL),
       (364, '数码支架', 44, 3, 1, 0, NULL, NULL),
       (365, '智能手环', 45, 3, 1, 0, NULL, NULL),
       (366, '智能手表', 45, 3, 1, 0, NULL, NULL),
       (367, '智能眼镜', 45, 3, 1, 0, NULL, NULL),
       (368, '运动跟踪器', 45, 3, 1, 0, NULL, NULL),
       (369, '健康监测', 45, 3, 1, 0, NULL, NULL),
       (370, '智能配饰', 45, 3, 1, 0, NULL, NULL),
       (371, '智能家居', 45, 3, 1, 0, NULL, NULL),
       (372, '体感车', 45, 3, 1, 0, NULL, NULL),
       (373, '其他配件', 45, 3, 1, 0, NULL, NULL),
       (374, '智能机器人', 45, 3, 1, 0, NULL, NULL),
       (375, '无人机', 45, 3, 1, 0, NULL, NULL),
       (376, 'MP3/MP4', 46, 3, 1, 0, NULL, NULL),
       (377, '智能设备', 46, 3, 1, 0, NULL, NULL),
       (378, '耳机/耳麦', 46, 3, 1, 0, NULL, NULL),
       (379, '便携/无线音箱', 46, 3, 1, 0, NULL, NULL),
       (380, '音箱/音响', 46, 3, 1, 0, NULL, NULL),
       (381, '高清播放器', 46, 3, 1, 0, NULL, NULL),
       (382, '收音机', 46, 3, 1, 0, NULL, NULL),
       (383, 'MP3/MP4配件', 46, 3, 1, 0, NULL, NULL),
       (384, '麦克风', 46, 3, 1, 0, NULL, NULL),
       (385, '专业音频', 46, 3, 1, 0, NULL, NULL),
       (386, '苹果配件', 46, 3, 1, 0, NULL, NULL),
       (387, '学生平板', 47, 3, 1, 0, NULL, NULL),
       (388, '点读机/笔', 47, 3, 1, 0, NULL, NULL),
       (389, '早教益智', 47, 3, 1, 0, NULL, NULL),
       (390, '录音笔', 47, 3, 1, 0, NULL, NULL),
       (391, '电纸书', 47, 3, 1, 0, NULL, NULL),
       (392, '电子词典', 47, 3, 1, 0, NULL, NULL),
       (393, '复读机', 47, 3, 1, 0, NULL, NULL),
       (394, '延保服务', 48, 3, 1, 0, NULL, NULL),
       (395, '杀毒软件', 48, 3, 1, 0, NULL, NULL),
       (396, '积分商品', 48, 3, 1, 0, NULL, NULL),
       (397, '桌布/罩件', 49, 3, 1, 0, NULL, NULL),
       (398, '地毯地垫', 49, 3, 1, 0, NULL, NULL),
       (399, '沙发垫套/椅垫', 49, 3, 1, 0, NULL, NULL),
       (400, '床品套件', 49, 3, 1, 0, NULL, NULL),
       (401, '被子', 49, 3, 1, 0, NULL, NULL),
       (402, '枕芯', 49, 3, 1, 0, NULL, NULL),
       (403, '床单被罩', 49, 3, 1, 0, NULL, NULL),
       (404, '毯子', 49, 3, 1, 0, NULL, NULL),
       (405, '床垫/床褥', 49, 3, 1, 0, NULL, NULL),
       (406, '蚊帐', 49, 3, 1, 0, NULL, NULL),
       (407, '抱枕靠垫', 49, 3, 1, 0, NULL, NULL),
       (408, '毛巾浴巾', 49, 3, 1, 0, NULL, NULL),
       (409, '电热毯', 49, 3, 1, 0, NULL, NULL),
       (410, '窗帘/窗纱', 49, 3, 1, 0, NULL, NULL),
       (411, '布艺软饰', 49, 3, 1, 0, NULL, NULL),
       (412, '凉席', 49, 3, 1, 0, NULL, NULL),
       (413, '台灯', 50, 3, 1, 0, NULL, NULL),
       (414, '节能灯', 50, 3, 1, 0, NULL, NULL),
       (415, '装饰灯', 50, 3, 1, 0, NULL, NULL),
       (416, '落地灯', 50, 3, 1, 0, NULL, NULL),
       (417, '应急灯/手电', 50, 3, 1, 0, NULL, NULL),
       (418, 'LED灯', 50, 3, 1, 0, NULL, NULL),
       (419, '吸顶灯', 50, 3, 1, 0, NULL, NULL),
       (420, '五金电器', 50, 3, 1, 0, NULL, NULL),
       (421, '筒灯射灯', 50, 3, 1, 0, NULL, NULL),
       (422, '吊灯', 50, 3, 1, 0, NULL, NULL),
       (423, '氛围照明', 50, 3, 1, 0, NULL, NULL),
       (424, '保暖防护', 51, 3, 1, 0, NULL, NULL),
       (425, '收纳用品', 51, 3, 1, 0, NULL, NULL),
       (426, '雨伞雨具', 51, 3, 1, 0, NULL, NULL),
       (427, '浴室用品', 51, 3, 1, 0, NULL, NULL),
       (428, '缝纫/针织用品', 51, 3, 1, 0, NULL, NULL),
       (429, '洗晒/熨烫', 51, 3, 1, 0, NULL, NULL),
       (430, '净化除味', 51, 3, 1, 0, NULL, NULL),
       (431, '相框/照片墙', 52, 3, 1, 0, NULL, NULL),
       (432, '装饰字画', 52, 3, 1, 0, NULL, NULL),
       (433, '节庆饰品', 52, 3, 1, 0, NULL, NULL),
       (434, '手工/十字绣', 52, 3, 1, 0, NULL, NULL),
       (435, '装饰摆件', 52, 3, 1, 0, NULL, NULL),
       (436, '帘艺隔断', 52, 3, 1, 0, NULL, NULL),
       (437, '墙贴/装饰贴', 52, 3, 1, 0, NULL, NULL),
       (438, '钟饰', 52, 3, 1, 0, NULL, NULL),
       (439, '花瓶花艺', 52, 3, 1, 0, NULL, NULL),
       (440, '香薰蜡烛', 52, 3, 1, 0, NULL, NULL),
       (441, '创意家居', 52, 3, 1, 0, NULL, NULL),
       (442, '宠物主粮', 53, 3, 1, 0, NULL, NULL),
       (443, '宠物零食', 53, 3, 1, 0, NULL, NULL),
       (444, '医疗保健', 53, 3, 1, 0, NULL, NULL),
       (445, '家居日用', 53, 3, 1, 0, NULL, NULL),
       (446, '宠物玩具', 53, 3, 1, 0, NULL, NULL),
       (447, '出行装备', 53, 3, 1, 0, NULL, NULL),
       (448, '洗护美容', 53, 3, 1, 0, NULL, NULL),
       (449, '笔记本', 54, 3, 1, 0, NULL, NULL),
       (450, '超极本', 54, 3, 1, 0, NULL, NULL),
       (451, '游戏本', 54, 3, 1, 0, NULL, NULL),
       (452, '平板电脑', 54, 3, 1, 0, NULL, NULL),
       (453, '平板电脑配件', 54, 3, 1, 0, NULL, NULL),
       (454, '台式机', 54, 3, 1, 0, NULL, NULL),
       (455, '服务器/工作站', 54, 3, 1, 0, NULL, NULL),
       (456, '笔记本配件', 54, 3, 1, 0, NULL, NULL),
       (457, '一体机', 54, 3, 1, 0, NULL, NULL),
       (458, 'CPU', 55, 3, 1, 0, NULL, NULL),
       (459, '主板', 55, 3, 1, 0, NULL, NULL),
       (460, '显卡', 55, 3, 1, 0, NULL, NULL),
       (461, '硬盘', 55, 3, 1, 0, NULL, NULL),
       (462, 'SSD固态硬盘', 55, 3, 1, 0, NULL, NULL),
       (463, '内存', 55, 3, 1, 0, NULL, NULL),
       (464, '机箱', 55, 3, 1, 0, NULL, NULL),
       (465, '电源', 55, 3, 1, 0, NULL, NULL),
       (466, '显示器', 55, 3, 1, 0, NULL, NULL),
       (467, '刻录机/光驱', 55, 3, 1, 0, NULL, NULL),
       (468, '散热器', 55, 3, 1, 0, NULL, NULL),
       (469, '声卡/扩展卡', 55, 3, 1, 0, NULL, NULL),
       (470, '装机配件', 55, 3, 1, 0, NULL, NULL),
       (471, '组装电脑', 55, 3, 1, 0, NULL, NULL),
       (472, '移动硬盘', 56, 3, 1, 0, NULL, NULL),
       (473, 'U盘', 56, 3, 1, 0, NULL, NULL),
       (474, '鼠标', 56, 3, 1, 0, NULL, NULL),
       (475, '键盘', 56, 3, 1, 0, NULL, NULL),
       (476, '鼠标垫', 56, 3, 1, 0, NULL, NULL),
       (477, '摄像头', 56, 3, 1, 0, NULL, NULL),
       (478, '手写板', 56, 3, 1, 0, NULL, NULL),
       (479, '硬盘盒', 56, 3, 1, 0, NULL, NULL),
       (480, '插座', 56, 3, 1, 0, NULL, NULL),
       (481, '线缆', 56, 3, 1, 0, NULL, NULL),
       (482, 'UPS电源', 56, 3, 1, 0, NULL, NULL),
       (483, '电脑工具', 56, 3, 1, 0, NULL, NULL),
       (484, '游戏设备', 56, 3, 1, 0, NULL, NULL),
       (485, '电玩', 56, 3, 1, 0, NULL, NULL),
       (486, '电脑清洁', 56, 3, 1, 0, NULL, NULL),
       (487, '网络仪表仪器', 56, 3, 1, 0, NULL, NULL),
       (488, '游戏机', 57, 3, 1, 0, NULL, NULL),
       (489, '游戏耳机', 57, 3, 1, 0, NULL, NULL),
       (490, '手柄/方向盘', 57, 3, 1, 0, NULL, NULL),
       (491, '游戏软件', 57, 3, 1, 0, NULL, NULL),
       (492, '游戏周边', 57, 3, 1, 0, NULL, NULL),
       (493, '路由器', 58, 3, 1, 0, NULL, NULL),
       (494, '网卡', 58, 3, 1, 0, NULL, NULL),
       (495, '交换机', 58, 3, 1, 0, NULL, NULL),
       (496, '网络存储', 58, 3, 1, 0, NULL, NULL),
       (497, '4G/3G上网', 58, 3, 1, 0, NULL, NULL),
       (498, '网络盒子', 58, 3, 1, 0, NULL, NULL),
       (499, '网络配件', 58, 3, 1, 0, NULL, NULL),
       (500, '投影机', 59, 3, 1, 0, NULL, NULL),
       (501, '投影配件', 59, 3, 1, 0, NULL, NULL),
       (502, '多功能一体机', 59, 3, 1, 0, NULL, NULL),
       (503, '打印机', 59, 3, 1, 0, NULL, NULL),
       (504, '传真设备', 59, 3, 1, 0, NULL, NULL),
       (505, '验钞/点钞机', 59, 3, 1, 0, NULL, NULL),
       (506, '扫描设备', 59, 3, 1, 0, NULL, NULL),
       (507, '复合机', 59, 3, 1, 0, NULL, NULL),
       (508, '碎纸机', 59, 3, 1, 0, NULL, NULL),
       (509, '考勤机', 59, 3, 1, 0, NULL, NULL),
       (510, '收款/POS机', 59, 3, 1, 0, NULL, NULL),
       (511, '会议音频视频', 59, 3, 1, 0, NULL, NULL),
       (512, '保险柜', 59, 3, 1, 0, NULL, NULL),
       (513, '装订/封装机', 59, 3, 1, 0, NULL, NULL),
       (514, '安防监控', 59, 3, 1, 0, NULL, NULL),
       (515, '办公家具', 59, 3, 1, 0, NULL, NULL),
       (516, '白板', 59, 3, 1, 0, NULL, NULL),
       (517, '硒鼓/墨粉', 60, 3, 1, 0, NULL, NULL),
       (518, '墨盒', 60, 3, 1, 0, NULL, NULL),
       (519, '色带', 60, 3, 1, 0, NULL, NULL),
       (520, '纸类', 60, 3, 1, 0, NULL, NULL),
       (521, '办公文具', 60, 3, 1, 0, NULL, NULL),
       (522, '学生文具', 60, 3, 1, 0, NULL, NULL),
       (523, '财会用品', 60, 3, 1, 0, NULL, NULL),
       (524, '文件管理', 60, 3, 1, 0, NULL, NULL),
       (525, '本册/便签', 60, 3, 1, 0, NULL, NULL),
       (526, '计算器', 60, 3, 1, 0, NULL, NULL),
       (527, '笔类', 60, 3, 1, 0, NULL, NULL),
       (528, '画具画材', 60, 3, 1, 0, NULL, NULL),
       (529, '刻录碟片/附件', 60, 3, 1, 0, NULL, NULL),
       (530, '上门安装', 61, 3, 1, 0, NULL, NULL),
       (531, '延保服务', 61, 3, 1, 0, NULL, NULL),
       (532, '维修保养', 61, 3, 1, 0, NULL, NULL),
       (533, '电脑软件', 61, 3, 1, 0, NULL, NULL),
       (534, '京东服务', 61, 3, 1, 0, NULL, NULL),
       (535, '炒锅', 62, 3, 1, 0, NULL, NULL),
       (536, '煎锅', 62, 3, 1, 0, NULL, NULL),
       (537, '压力锅', 62, 3, 1, 0, NULL, NULL),
       (538, '蒸锅', 62, 3, 1, 0, NULL, NULL),
       (539, '汤锅', 62, 3, 1, 0, NULL, NULL),
       (540, '奶锅', 62, 3, 1, 0, NULL, NULL),
       (541, '锅具套装', 62, 3, 1, 0, NULL, NULL),
       (542, '煲类', 62, 3, 1, 0, NULL, NULL),
       (543, '水壶', 62, 3, 1, 0, NULL, NULL),
       (544, '火锅', 62, 3, 1, 0, NULL, NULL),
       (545, '菜刀', 63, 3, 1, 0, NULL, NULL),
       (546, '剪刀', 63, 3, 1, 0, NULL, NULL),
       (547, '刀具套装', 63, 3, 1, 0, NULL, NULL),
       (548, '砧板', 63, 3, 1, 0, NULL, NULL),
       (549, '瓜果刀/刨', 63, 3, 1, 0, NULL, NULL),
       (550, '多功能刀', 63, 3, 1, 0, NULL, NULL),
       (551, '保鲜盒', 64, 3, 1, 0, NULL, NULL),
       (552, '烘焙/烧烤', 64, 3, 1, 0, NULL, NULL),
       (553, '饭盒/提锅', 64, 3, 1, 0, NULL, NULL),
       (554, '储物/置物架', 64, 3, 1, 0, NULL, NULL),
       (555, '厨房DIY/小工具', 64, 3, 1, 0, NULL, NULL),
       (556, '塑料杯', 65, 3, 1, 0, NULL, NULL),
       (557, '运动水壶', 65, 3, 1, 0, NULL, NULL),
       (558, '玻璃杯', 65, 3, 1, 0, NULL, NULL),
       (559, '陶瓷/马克杯', 65, 3, 1, 0, NULL, NULL),
       (560, '保温杯', 65, 3, 1, 0, NULL, NULL),
       (561, '保温壶', 65, 3, 1, 0, NULL, NULL),
       (562, '酒杯/酒具', 65, 3, 1, 0, NULL, NULL),
       (563, '杯具套装', 65, 3, 1, 0, NULL, NULL),
       (564, '餐具套装', 66, 3, 1, 0, NULL, NULL),
       (565, '碗/碟/盘', 66, 3, 1, 0, NULL, NULL),
       (566, '筷勺/刀叉', 66, 3, 1, 0, NULL, NULL),
       (567, '一次性用品', 66, 3, 1, 0, NULL, NULL),
       (568, '果盘/果篮', 66, 3, 1, 0, NULL, NULL),
       (569, '自助餐炉', 67, 3, 1, 0, NULL, NULL),
       (570, '酒店餐具', 67, 3, 1, 0, NULL, NULL),
       (571, '酒店水具', 67, 3, 1, 0, NULL, NULL),
       (572, '整套茶具', 68, 3, 1, 0, NULL, NULL),
       (573, '茶杯', 68, 3, 1, 0, NULL, NULL),
       (574, '茶壶', 68, 3, 1, 0, NULL, NULL),
       (575, '茶盘茶托', 68, 3, 1, 0, NULL, NULL),
       (576, '茶叶罐', 68, 3, 1, 0, NULL, NULL),
       (577, '茶具配件', 68, 3, 1, 0, NULL, NULL),
       (578, '茶宠摆件', 68, 3, 1, 0, NULL, NULL),
       (579, '咖啡具', 68, 3, 1, 0, NULL, NULL),
       (580, '其他', 68, 3, 1, 0, NULL, NULL),
       (581, '纸品湿巾', 69, 3, 1, 0, NULL, NULL),
       (582, '衣物清洁', 69, 3, 1, 0, NULL, NULL),
       (583, '清洁工具', 69, 3, 1, 0, NULL, NULL),
       (584, '驱虫用品', 69, 3, 1, 0, NULL, NULL),
       (585, '家庭清洁', 69, 3, 1, 0, NULL, NULL),
       (586, '皮具护理', 69, 3, 1, 0, NULL, NULL),
       (587, '一次性用品', 69, 3, 1, 0, NULL, NULL),
       (588, '洁面', 70, 3, 1, 0, NULL, NULL),
       (589, '乳液面霜', 70, 3, 1, 0, NULL, NULL),
       (590, '面膜', 70, 3, 1, 0, NULL, NULL),
       (591, '剃须', 70, 3, 1, 0, NULL, NULL),
       (592, '套装', 70, 3, 1, 0, NULL, NULL),
       (593, '精华', 70, 3, 1, 0, NULL, NULL),
       (594, '眼霜', 70, 3, 1, 0, NULL, NULL),
       (595, '卸妆', 70, 3, 1, 0, NULL, NULL),
       (596, '防晒', 70, 3, 1, 0, NULL, NULL),
       (597, '防晒隔离', 70, 3, 1, 0, NULL, NULL),
       (598, 'T区护理', 70, 3, 1, 0, NULL, NULL),
       (599, '眼部护理', 70, 3, 1, 0, NULL, NULL),
       (600, '精华露', 70, 3, 1, 0, NULL, NULL),
       (601, '爽肤水', 70, 3, 1, 0, NULL, NULL),
       (602, '沐浴', 71, 3, 1, 0, NULL, NULL),
       (603, '润肤', 71, 3, 1, 0, NULL, NULL),
       (604, '颈部', 71, 3, 1, 0, NULL, NULL),
       (605, '手足', 71, 3, 1, 0, NULL, NULL),
       (606, '纤体塑形', 71, 3, 1, 0, NULL, NULL),
       (607, '美胸', 71, 3, 1, 0, NULL, NULL),
       (608, '套装', 71, 3, 1, 0, NULL, NULL),
       (609, '精油', 71, 3, 1, 0, NULL, NULL),
       (610, '洗发护发', 71, 3, 1, 0, NULL, NULL),
       (611, '染发/造型', 71, 3, 1, 0, NULL, NULL),
       (612, '香薰精油', 71, 3, 1, 0, NULL, NULL),
       (613, '磨砂/浴盐', 71, 3, 1, 0, NULL, NULL),
       (614, '手工/香皂', 71, 3, 1, 0, NULL, NULL),
       (615, '洗发', 71, 3, 1, 0, NULL, NULL),
       (616, '护发', 71, 3, 1, 0, NULL, NULL),
       (617, '染发', 71, 3, 1, 0, NULL, NULL),
       (618, '磨砂膏', 71, 3, 1, 0, NULL, NULL),
       (619, '香皂', 71, 3, 1, 0, NULL, NULL),
       (620, '牙膏/牙粉', 72, 3, 1, 0, NULL, NULL),
       (621, '牙刷/牙线', 72, 3, 1, 0, NULL, NULL),
       (622, '漱口水', 72, 3, 1, 0, NULL, NULL),
       (623, '套装', 72, 3, 1, 0, NULL, NULL),
       (624, '卫生巾', 73, 3, 1, 0, NULL, NULL),
       (625, '卫生护垫', 73, 3, 1, 0, NULL, NULL),
       (626, '私密护理', 73, 3, 1, 0, NULL, NULL),
       (627, '脱毛膏', 73, 3, 1, 0, NULL, NULL),
       (628, '其他', 73, 3, 1, 0, NULL, NULL),
       (629, '洗发', 74, 3, 1, 0, NULL, NULL),
       (630, '护发', 74, 3, 1, 0, NULL, NULL),
       (631, '染发', 74, 3, 1, 0, NULL, NULL),
       (632, '造型', 74, 3, 1, 0, NULL, NULL),
       (633, '假发', 74, 3, 1, 0, NULL, NULL),
       (634, '套装', 74, 3, 1, 0, NULL, NULL),
       (635, '美发工具', 74, 3, 1, 0, NULL, NULL),
       (636, '脸部护理', 74, 3, 1, 0, NULL, NULL),
       (637, '香水', 75, 3, 1, 0, NULL, NULL),
       (638, '底妆', 75, 3, 1, 0, NULL, NULL),
       (639, '腮红', 75, 3, 1, 0, NULL, NULL),
       (640, '眼影', 75, 3, 1, 0, NULL, NULL),
       (641, '唇部', 75, 3, 1, 0, NULL, NULL),
       (642, '美甲', 75, 3, 1, 0, NULL, NULL),
       (643, '眼线', 75, 3, 1, 0, NULL, NULL),
       (644, '美妆工具', 75, 3, 1, 0, NULL, NULL),
       (645, '套装', 75, 3, 1, 0, NULL, NULL),
       (646, '防晒隔离', 75, 3, 1, 0, NULL, NULL),
       (647, '卸妆', 75, 3, 1, 0, NULL, NULL),
       (648, '眉笔', 75, 3, 1, 0, NULL, NULL),
       (649, '睫毛膏', 75, 3, 1, 0, NULL, NULL),
       (650, 'T恤', 76, 3, 1, 0, NULL, NULL),
       (651, '衬衫', 76, 3, 1, 0, NULL, NULL),
       (652, '针织衫', 76, 3, 1, 0, NULL, NULL),
       (653, '雪纺衫', 76, 3, 1, 0, NULL, NULL),
       (654, '卫衣', 76, 3, 1, 0, NULL, NULL),
       (655, '马甲', 76, 3, 1, 0, NULL, NULL),
       (656, '连衣裙', 76, 3, 1, 0, NULL, NULL),
       (657, '半身裙', 76, 3, 1, 0, NULL, NULL),
       (658, '牛仔裤', 76, 3, 1, 0, NULL, NULL),
       (659, '休闲裤', 76, 3, 1, 0, NULL, NULL),
       (660, '打底裤', 76, 3, 1, 0, NULL, NULL),
       (661, '正装裤', 76, 3, 1, 0, NULL, NULL),
       (662, '小西装', 76, 3, 1, 0, NULL, NULL),
       (663, '短外套', 76, 3, 1, 0, NULL, NULL),
       (664, '风衣', 76, 3, 1, 0, NULL, NULL),
       (665, '毛呢大衣', 76, 3, 1, 0, NULL, NULL),
       (666, '真皮皮衣', 76, 3, 1, 0, NULL, NULL),
       (667, '棉服', 76, 3, 1, 0, NULL, NULL),
       (668, '羽绒服', 76, 3, 1, 0, NULL, NULL),
       (669, '大码女装', 76, 3, 1, 0, NULL, NULL),
       (670, '中老年女装', 76, 3, 1, 0, NULL, NULL),
       (671, '婚纱', 76, 3, 1, 0, NULL, NULL),
       (672, '打底衫', 76, 3, 1, 0, NULL, NULL),
       (673, '旗袍/唐装', 76, 3, 1, 0, NULL, NULL),
       (674, '加绒裤', 76, 3, 1, 0, NULL, NULL),
       (675, '吊带/背心', 76, 3, 1, 0, NULL, NULL),
       (676, '羊绒衫', 76, 3, 1, 0, NULL, NULL),
       (677, '短裤', 76, 3, 1, 0, NULL, NULL),
       (678, '皮草', 76, 3, 1, 0, NULL, NULL),
       (679, '礼服', 76, 3, 1, 0, NULL, NULL),
       (680, '仿皮皮衣', 76, 3, 1, 0, NULL, NULL),
       (681, '羊毛衫', 76, 3, 1, 0, NULL, NULL),
       (682, '设计师/潮牌', 76, 3, 1, 0, NULL, NULL),
       (683, '衬衫', 77, 3, 1, 0, NULL, NULL),
       (684, 'T恤', 77, 3, 1, 0, NULL, NULL),
       (685, 'POLO衫', 77, 3, 1, 0, NULL, NULL),
       (686, '针织衫', 77, 3, 1, 0, NULL, NULL),
       (687, '羊绒衫', 77, 3, 1, 0, NULL, NULL),
       (688, '卫衣', 77, 3, 1, 0, NULL, NULL),
       (689, '马甲/背心', 77, 3, 1, 0, NULL, NULL),
       (690, '夹克', 77, 3, 1, 0, NULL, NULL),
       (691, '风衣', 77, 3, 1, 0, NULL, NULL),
       (692, '毛呢大衣', 77, 3, 1, 0, NULL, NULL),
       (693, '仿皮皮衣', 77, 3, 1, 0, NULL, NULL),
       (694, '西服', 77, 3, 1, 0, NULL, NULL),
       (695, '棉服', 77, 3, 1, 0, NULL, NULL),
       (696, '羽绒服', 77, 3, 1, 0, NULL, NULL),
       (697, '牛仔裤', 77, 3, 1, 0, NULL, NULL),
       (698, '休闲裤', 77, 3, 1, 0, NULL, NULL),
       (699, '西裤', 77, 3, 1, 0, NULL, NULL),
       (700, '西服套装', 77, 3, 1, 0, NULL, NULL),
       (701, '大码男装', 77, 3, 1, 0, NULL, NULL),
       (702, '中老年男装', 77, 3, 1, 0, NULL, NULL),
       (703, '唐装/中山装', 77, 3, 1, 0, NULL, NULL),
       (704, '工装', 77, 3, 1, 0, NULL, NULL),
       (705, '真皮皮衣', 77, 3, 1, 0, NULL, NULL),
       (706, '加绒裤', 77, 3, 1, 0, NULL, NULL),
       (707, '卫裤/运动裤', 77, 3, 1, 0, NULL, NULL),
       (708, '短裤', 77, 3, 1, 0, NULL, NULL),
       (709, '设计师/潮牌', 77, 3, 1, 0, NULL, NULL),
       (710, '羊毛衫', 77, 3, 1, 0, NULL, NULL),
       (711, '文胸', 78, 3, 1, 0, NULL, NULL),
       (712, '女式内裤', 78, 3, 1, 0, NULL, NULL),
       (713, '男式内裤', 78, 3, 1, 0, NULL, NULL),
       (714, '睡衣/家居服', 78, 3, 1, 0, NULL, NULL),
       (715, '塑身美体', 78, 3, 1, 0, NULL, NULL),
       (716, '泳衣', 78, 3, 1, 0, NULL, NULL),
       (717, '吊带/背心', 78, 3, 1, 0, NULL, NULL),
       (718, '抹胸', 78, 3, 1, 0, NULL, NULL),
       (719, '连裤袜/丝袜', 78, 3, 1, 0, NULL, NULL),
       (720, '美腿袜', 78, 3, 1, 0, NULL, NULL),
       (721, '商务男袜', 78, 3, 1, 0, NULL, NULL),
       (722, '保暖内衣', 78, 3, 1, 0, NULL, NULL),
       (723, '情侣睡衣', 78, 3, 1, 0, NULL, NULL),
       (724, '文胸套装', 78, 3, 1, 0, NULL, NULL),
       (725, '少女文胸', 78, 3, 1, 0, NULL, NULL),
       (726, '休闲棉袜', 78, 3, 1, 0, NULL, NULL),
       (727, '大码内衣', 78, 3, 1, 0, NULL, NULL),
       (728, '内衣配件', 78, 3, 1, 0, NULL, NULL),
       (729, '打底裤袜', 78, 3, 1, 0, NULL, NULL),
       (730, '打底衫', 78, 3, 1, 0, NULL, NULL),
       (731, '秋衣秋裤', 78, 3, 1, 0, NULL, NULL),
       (732, '情趣内衣', 78, 3, 1, 0, NULL, NULL),
       (733, '服装洗护', 79, 3, 1, 0, NULL, NULL),
       (734, '太阳镜', 80, 3, 1, 0, NULL, NULL),
       (735, '光学镜架/镜片', 80, 3, 1, 0, NULL, NULL),
       (736, '围巾/手套/帽子套装', 80, 3, 1, 0, NULL, NULL),
       (737, '袖扣', 80, 3, 1, 0, NULL, NULL),
       (738, '棒球帽', 80, 3, 1, 0, NULL, NULL),
       (739, '毛线帽', 80, 3, 1, 0, NULL, NULL),
       (740, '遮阳帽', 80, 3, 1, 0, NULL, NULL),
       (741, '老花镜', 80, 3, 1, 0, NULL, NULL),
       (742, '装饰眼镜', 80, 3, 1, 0, NULL, NULL),
       (743, '防辐射眼镜', 80, 3, 1, 0, NULL, NULL),
       (744, '游泳镜', 80, 3, 1, 0, NULL, NULL),
       (745, '女士丝巾/围巾/披肩', 80, 3, 1, 0, NULL, NULL),
       (746, '男士丝巾/围巾', 80, 3, 1, 0, NULL, NULL),
       (747, '鸭舌帽', 80, 3, 1, 0, NULL, NULL),
       (748, '贝雷帽', 80, 3, 1, 0, NULL, NULL),
       (749, '礼帽', 80, 3, 1, 0, NULL, NULL),
       (750, '真皮手套', 80, 3, 1, 0, NULL, NULL),
       (751, '毛线手套', 80, 3, 1, 0, NULL, NULL),
       (752, '防晒手套', 80, 3, 1, 0, NULL, NULL),
       (753, '男士腰带/礼盒', 80, 3, 1, 0, NULL, NULL),
       (754, '女士腰带/礼盒', 80, 3, 1, 0, NULL, NULL),
       (755, '钥匙扣', 80, 3, 1, 0, NULL, NULL),
       (756, '遮阳伞/雨伞', 80, 3, 1, 0, NULL, NULL),
       (757, '口罩', 80, 3, 1, 0, NULL, NULL),
       (758, '耳罩/耳包', 80, 3, 1, 0, NULL, NULL),
       (759, '假领', 80, 3, 1, 0, NULL, NULL),
       (760, '毛线/布面料', 80, 3, 1, 0, NULL, NULL),
       (761, '领带/领结/领带夹', 80, 3, 1, 0, NULL, NULL),
       (762, '男表', 81, 3, 1, 0, NULL, NULL),
       (763, '瑞表', 81, 3, 1, 0, NULL, NULL),
       (764, '女表', 81, 3, 1, 0, NULL, NULL),
       (765, '国表', 81, 3, 1, 0, NULL, NULL),
       (766, '日韩表', 81, 3, 1, 0, NULL, NULL),
       (767, '欧美表', 81, 3, 1, 0, NULL, NULL),
       (768, '德表', 81, 3, 1, 0, NULL, NULL),
       (769, '儿童手表', 81, 3, 1, 0, NULL, NULL),
       (770, '智能手表', 81, 3, 1, 0, NULL, NULL),
       (771, '闹钟', 81, 3, 1, 0, NULL, NULL),
       (772, '座钟挂钟', 81, 3, 1, 0, NULL, NULL),
       (773, '钟表配件', 81, 3, 1, 0, NULL, NULL),
       (774, '商务休闲鞋', 82, 3, 1, 0, NULL, NULL),
       (775, '正装鞋', 82, 3, 1, 0, NULL, NULL),
       (776, '休闲鞋', 82, 3, 1, 0, NULL, NULL),
       (777, '凉鞋/沙滩鞋', 82, 3, 1, 0, NULL, NULL),
       (778, '男靴', 82, 3, 1, 0, NULL, NULL),
       (779, '功能鞋', 82, 3, 1, 0, NULL, NULL),
       (780, '拖鞋/人字拖', 82, 3, 1, 0, NULL, NULL),
       (781, '雨鞋/雨靴', 82, 3, 1, 0, NULL, NULL),
       (782, '传统布鞋', 82, 3, 1, 0, NULL, NULL),
       (783, '鞋配件', 82, 3, 1, 0, NULL, NULL),
       (784, '帆布鞋', 82, 3, 1, 0, NULL, NULL),
       (785, '增高鞋', 82, 3, 1, 0, NULL, NULL),
       (786, '工装鞋', 82, 3, 1, 0, NULL, NULL),
       (787, '定制鞋', 82, 3, 1, 0, NULL, NULL),
       (788, '高跟鞋', 83, 3, 1, 0, NULL, NULL),
       (789, '单鞋', 83, 3, 1, 0, NULL, NULL),
       (790, '休闲鞋', 83, 3, 1, 0, NULL, NULL),
       (791, '凉鞋', 83, 3, 1, 0, NULL, NULL),
       (792, '女靴', 83, 3, 1, 0, NULL, NULL),
       (793, '雪地靴', 83, 3, 1, 0, NULL, NULL),
       (794, '拖鞋/人字拖', 83, 3, 1, 0, NULL, NULL),
       (795, '踝靴', 83, 3, 1, 0, NULL, NULL),
       (796, '筒靴', 83, 3, 1, 0, NULL, NULL),
       (797, '帆布鞋', 83, 3, 1, 0, NULL, NULL),
       (798, '雨鞋/雨靴', 83, 3, 1, 0, NULL, NULL),
       (799, '妈妈鞋', 83, 3, 1, 0, NULL, NULL),
       (800, '鞋配件', 83, 3, 1, 0, NULL, NULL),
       (801, '特色鞋', 83, 3, 1, 0, NULL, NULL),
       (802, '鱼嘴鞋', 83, 3, 1, 0, NULL, NULL),
       (803, '布鞋/绣花鞋', 83, 3, 1, 0, NULL, NULL),
       (804, '马丁靴', 83, 3, 1, 0, NULL, NULL),
       (805, '坡跟鞋', 83, 3, 1, 0, NULL, NULL),
       (806, '松糕鞋', 83, 3, 1, 0, NULL, NULL),
       (807, '内增高', 83, 3, 1, 0, NULL, NULL),
       (808, '防水台', 83, 3, 1, 0, NULL, NULL),
       (809, '婴幼奶粉', 84, 3, 1, 0, NULL, NULL),
       (810, '孕妈奶粉', 84, 3, 1, 0, NULL, NULL),
       (811, '益生菌/初乳', 85, 3, 1, 0, NULL, NULL),
       (812, '米粉/菜粉', 85, 3, 1, 0, NULL, NULL),
       (813, '果泥/果汁', 85, 3, 1, 0, NULL, NULL),
       (814, 'DHA', 85, 3, 1, 0, NULL, NULL),
       (815, '宝宝零食', 85, 3, 1, 0, NULL, NULL),
       (816, '钙铁锌/维生素', 85, 3, 1, 0, NULL, NULL),
       (817, '清火/开胃', 85, 3, 1, 0, NULL, NULL),
       (818, '面条/粥', 85, 3, 1, 0, NULL, NULL),
       (819, '婴儿尿裤', 86, 3, 1, 0, NULL, NULL),
       (820, '拉拉裤', 86, 3, 1, 0, NULL, NULL),
       (821, '婴儿湿巾', 86, 3, 1, 0, NULL, NULL),
       (822, '成人尿裤', 86, 3, 1, 0, NULL, NULL),
       (823, '奶瓶奶嘴', 87, 3, 1, 0, NULL, NULL),
       (824, '吸奶器', 87, 3, 1, 0, NULL, NULL),
       (825, '暖奶消毒', 87, 3, 1, 0, NULL, NULL),
       (826, '儿童餐具', 87, 3, 1, 0, NULL, NULL),
       (827, '水壶/水杯', 87, 3, 1, 0, NULL, NULL),
       (828, '牙胶安抚', 87, 3, 1, 0, NULL, NULL),
       (829, '围兜/防溅衣', 87, 3, 1, 0, NULL, NULL),
       (830, '辅食料理机', 87, 3, 1, 0, NULL, NULL),
       (831, '食物存储', 87, 3, 1, 0, NULL, NULL),
       (832, '宝宝护肤', 88, 3, 1, 0, NULL, NULL),
       (833, '洗发沐浴', 88, 3, 1, 0, NULL, NULL),
       (834, '奶瓶清洗', 88, 3, 1, 0, NULL, NULL),
       (835, '驱蚊防晒', 88, 3, 1, 0, NULL, NULL),
       (836, '理发器', 88, 3, 1, 0, NULL, NULL),
       (837, '洗澡用具', 88, 3, 1, 0, NULL, NULL),
       (838, '婴儿口腔清洁', 88, 3, 1, 0, NULL, NULL),
       (839, '洗衣液/皂', 88, 3, 1, 0, NULL, NULL),
       (840, '日常护理', 88, 3, 1, 0, NULL, NULL),
       (841, '座便器', 88, 3, 1, 0, NULL, NULL),
       (842, '婴儿推车', 89, 3, 1, 0, NULL, NULL),
       (843, '餐椅摇椅', 89, 3, 1, 0, NULL, NULL),
       (844, '婴儿床', 89, 3, 1, 0, NULL, NULL),
       (845, '学步车', 89, 3, 1, 0, NULL, NULL),
       (846, '三轮车', 89, 3, 1, 0, NULL, NULL),
       (847, '自行车', 89, 3, 1, 0, NULL, NULL),
       (848, '电动车', 89, 3, 1, 0, NULL, NULL),
       (849, '扭扭车', 89, 3, 1, 0, NULL, NULL),
       (850, '滑板车', 89, 3, 1, 0, NULL, NULL),
       (851, '婴儿床垫', 89, 3, 1, 0, NULL, NULL),
       (852, '婴儿外出服', 90, 3, 1, 0, NULL, NULL),
       (853, '婴儿内衣', 90, 3, 1, 0, NULL, NULL),
       (854, '婴儿礼盒', 90, 3, 1, 0, NULL, NULL),
       (855, '婴儿鞋帽袜', 90, 3, 1, 0, NULL, NULL),
       (856, '安全防护', 90, 3, 1, 0, NULL, NULL),
       (857, '家居床品', 90, 3, 1, 0, NULL, NULL),
       (858, '睡袋/抱被', 90, 3, 1, 0, NULL, NULL),
       (859, '爬行垫', 90, 3, 1, 0, NULL, NULL),
       (860, '妈咪包/背婴带', 91, 3, 1, 0, NULL, NULL),
       (861, '产后塑身', 91, 3, 1, 0, NULL, NULL),
       (862, '文胸/内裤', 91, 3, 1, 0, NULL, NULL),
       (863, '防辐射服', 91, 3, 1, 0, NULL, NULL),
       (864, '孕妈装', 91, 3, 1, 0, NULL, NULL),
       (865, '孕期营养', 91, 3, 1, 0, NULL, NULL),
       (866, '孕妇护肤', 91, 3, 1, 0, NULL, NULL),
       (867, '待产护理', 91, 3, 1, 0, NULL, NULL),
       (868, '月子装', 91, 3, 1, 0, NULL, NULL),
       (869, '防溢乳垫', 91, 3, 1, 0, NULL, NULL),
       (870, '套装', 92, 3, 1, 0, NULL, NULL),
       (871, '上衣', 92, 3, 1, 0, NULL, NULL),
       (872, '裤子', 92, 3, 1, 0, NULL, NULL),
       (873, '裙子', 92, 3, 1, 0, NULL, NULL),
       (874, '内衣/家居服', 92, 3, 1, 0, NULL, NULL),
       (875, '羽绒服/棉服', 92, 3, 1, 0, NULL, NULL),
       (876, '亲子装', 92, 3, 1, 0, NULL, NULL),
       (877, '儿童配饰', 92, 3, 1, 0, NULL, NULL),
       (878, '礼服/演出服', 92, 3, 1, 0, NULL, NULL),
       (879, '运动鞋', 92, 3, 1, 0, NULL, NULL),
       (880, '皮鞋/帆布鞋', 92, 3, 1, 0, NULL, NULL),
       (881, '靴子', 92, 3, 1, 0, NULL, NULL),
       (882, '凉鞋', 92, 3, 1, 0, NULL, NULL),
       (883, '功能鞋', 92, 3, 1, 0, NULL, NULL),
       (884, '户外/运动服', 92, 3, 1, 0, NULL, NULL),
       (885, '提篮式', 93, 3, 1, 0, NULL, NULL),
       (886, '安全座椅', 93, 3, 1, 0, NULL, NULL),
       (887, '增高垫', 93, 3, 1, 0, NULL, NULL),
       (888, '钱包', 94, 3, 1, 0, NULL, NULL),
       (889, '手拿包', 94, 3, 1, 0, NULL, NULL),
       (890, '单肩包', 94, 3, 1, 0, NULL, NULL),
       (891, '双肩包', 94, 3, 1, 0, NULL, NULL),
       (892, '手提包', 94, 3, 1, 0, NULL, NULL),
       (893, '斜挎包', 94, 3, 1, 0, NULL, NULL),
       (894, '钥匙包', 94, 3, 1, 0, NULL, NULL),
       (895, '卡包/零钱包', 94, 3, 1, 0, NULL, NULL),
       (896, '男士钱包', 95, 3, 1, 0, NULL, NULL),
       (897, '男士手包', 95, 3, 1, 0, NULL, NULL),
       (898, '卡包名片夹', 95, 3, 1, 0, NULL, NULL),
       (899, '商务公文包', 95, 3, 1, 0, NULL, NULL),
       (900, '双肩包', 95, 3, 1, 0, NULL, NULL),
       (901, '单肩/斜挎包', 95, 3, 1, 0, NULL, NULL),
       (902, '钥匙包', 95, 3, 1, 0, NULL, NULL),
       (903, '电脑包', 96, 3, 1, 0, NULL, NULL),
       (904, '拉杆箱', 96, 3, 1, 0, NULL, NULL),
       (905, '旅行包', 96, 3, 1, 0, NULL, NULL),
       (906, '旅行配件', 96, 3, 1, 0, NULL, NULL),
       (907, '休闲运动包', 96, 3, 1, 0, NULL, NULL),
       (908, '拉杆包', 96, 3, 1, 0, NULL, NULL),
       (909, '登山包', 96, 3, 1, 0, NULL, NULL),
       (910, '妈咪包', 96, 3, 1, 0, NULL, NULL),
       (911, '书包', 96, 3, 1, 0, NULL, NULL),
       (912, '相机包', 96, 3, 1, 0, NULL, NULL),
       (913, '腰包/胸包', 96, 3, 1, 0, NULL, NULL),
       (914, '火机烟具', 97, 3, 1, 0, NULL, NULL),
       (915, '礼品文具', 97, 3, 1, 0, NULL, NULL),
       (916, '军刀军具', 97, 3, 1, 0, NULL, NULL),
       (917, '收藏品', 97, 3, 1, 0, NULL, NULL),
       (918, '工艺礼品', 97, 3, 1, 0, NULL, NULL),
       (919, '创意礼品', 97, 3, 1, 0, NULL, NULL),
       (920, '礼盒礼券', 97, 3, 1, 0, NULL, NULL),
       (921, '鲜花绿植', 97, 3, 1, 0, NULL, NULL),
       (922, '婚庆节庆', 97, 3, 1, 0, NULL, NULL),
       (923, '京东卡', 97, 3, 1, 0, NULL, NULL),
       (924, '美妆礼品', 97, 3, 1, 0, NULL, NULL),
       (925, '礼品定制', 97, 3, 1, 0, NULL, NULL),
       (926, '京东福卡', 97, 3, 1, 0, NULL, NULL),
       (927, '古董文玩', 97, 3, 1, 0, NULL, NULL),
       (928, '箱包', 98, 3, 1, 0, NULL, NULL),
       (929, '钱包', 98, 3, 1, 0, NULL, NULL),
       (930, '服饰', 98, 3, 1, 0, NULL, NULL),
       (931, '腰带', 98, 3, 1, 0, NULL, NULL),
       (932, '太阳镜/眼镜框', 98, 3, 1, 0, NULL, NULL),
       (933, '配件', 98, 3, 1, 0, NULL, NULL),
       (934, '鞋靴', 98, 3, 1, 0, NULL, NULL),
       (935, '饰品', 98, 3, 1, 0, NULL, NULL),
       (936, '名品腕表', 98, 3, 1, 0, NULL, NULL),
       (937, '高档化妆品', 98, 3, 1, 0, NULL, NULL),
       (938, '婚嫁首饰', 99, 3, 1, 0, NULL, NULL),
       (939, '婚纱摄影', 99, 3, 1, 0, NULL, NULL),
       (940, '婚纱礼服', 99, 3, 1, 0, NULL, NULL),
       (941, '婚庆服务', 99, 3, 1, 0, NULL, NULL),
       (942, '婚庆礼品/用品', 99, 3, 1, 0, NULL, NULL),
       (943, '婚宴', 99, 3, 1, 0, NULL, NULL),
       (944, '饼干蛋糕', 100, 3, 1, 0, NULL, NULL),
       (945, '糖果/巧克力', 100, 3, 1, 0, NULL, NULL),
       (946, '休闲零食', 100, 3, 1, 0, NULL, NULL),
       (947, '冲调饮品', 100, 3, 1, 0, NULL, NULL),
       (948, '粮油调味', 100, 3, 1, 0, NULL, NULL),
       (949, '牛奶', 100, 3, 1, 0, NULL, NULL),
       (950, '其他特产', 101, 3, 1, 0, NULL, NULL),
       (951, '新疆', 101, 3, 1, 0, NULL, NULL),
       (952, '北京', 101, 3, 1, 0, NULL, NULL),
       (953, '山西', 101, 3, 1, 0, NULL, NULL),
       (954, '内蒙古', 101, 3, 1, 0, NULL, NULL),
       (955, '福建', 101, 3, 1, 0, NULL, NULL),
       (956, '湖南', 101, 3, 1, 0, NULL, NULL),
       (957, '四川', 101, 3, 1, 0, NULL, NULL),
       (958, '云南', 101, 3, 1, 0, NULL, NULL),
       (959, '东北', 101, 3, 1, 0, NULL, NULL),
       (960, '休闲零食', 102, 3, 1, 0, NULL, NULL),
       (961, '坚果炒货', 102, 3, 1, 0, NULL, NULL),
       (962, '肉干肉脯', 102, 3, 1, 0, NULL, NULL),
       (963, '蜜饯果干', 102, 3, 1, 0, NULL, NULL),
       (964, '糖果/巧克力', 102, 3, 1, 0, NULL, NULL),
       (965, '饼干蛋糕', 102, 3, 1, 0, NULL, NULL),
       (966, '无糖食品', 102, 3, 1, 0, NULL, NULL),
       (967, '米面杂粮', 103, 3, 1, 0, NULL, NULL),
       (968, '食用油', 103, 3, 1, 0, NULL, NULL),
       (969, '调味品', 103, 3, 1, 0, NULL, NULL),
       (970, '南北干货', 103, 3, 1, 0, NULL, NULL),
       (971, '方便食品', 103, 3, 1, 0, NULL, NULL),
       (972, '有机食品', 103, 3, 1, 0, NULL, NULL),
       (973, '饮用水', 104, 3, 1, 0, NULL, NULL),
       (974, '饮料', 104, 3, 1, 0, NULL, NULL),
       (975, '牛奶乳品', 104, 3, 1, 0, NULL, NULL),
       (976, '咖啡/奶茶', 104, 3, 1, 0, NULL, NULL),
       (977, '冲饮谷物', 104, 3, 1, 0, NULL, NULL),
       (978, '蜂蜜/柚子茶', 104, 3, 1, 0, NULL, NULL),
       (979, '成人奶粉', 104, 3, 1, 0, NULL, NULL),
       (980, '月饼', 105, 3, 1, 0, NULL, NULL),
       (981, '大闸蟹', 105, 3, 1, 0, NULL, NULL),
       (982, '粽子', 105, 3, 1, 0, NULL, NULL),
       (983, '卡券', 105, 3, 1, 0, NULL, NULL),
       (984, '铁观音', 106, 3, 1, 0, NULL, NULL),
       (985, '普洱', 106, 3, 1, 0, NULL, NULL),
       (986, '龙井', 106, 3, 1, 0, NULL, NULL),
       (987, '绿茶', 106, 3, 1, 0, NULL, NULL),
       (988, '红茶', 106, 3, 1, 0, NULL, NULL),
       (989, '乌龙茶', 106, 3, 1, 0, NULL, NULL),
       (990, '花草茶', 106, 3, 1, 0, NULL, NULL),
       (991, '花果茶', 106, 3, 1, 0, NULL, NULL),
       (992, '养生茶', 106, 3, 1, 0, NULL, NULL),
       (993, '黑茶', 106, 3, 1, 0, NULL, NULL),
       (994, '白茶', 106, 3, 1, 0, NULL, NULL),
       (995, '其它茶', 106, 3, 1, 0, NULL, NULL),
       (996, '项链', 107, 3, 1, 0, NULL, NULL),
       (997, '手链/脚链', 107, 3, 1, 0, NULL, NULL),
       (998, '戒指', 107, 3, 1, 0, NULL, NULL),
       (999, '耳饰', 107, 3, 1, 0, NULL, NULL),
       (1000, '毛衣链', 107, 3, 1, 0, NULL, NULL),
       (1001, '发饰/发卡', 107, 3, 1, 0, NULL, NULL),
       (1002, '胸针', 107, 3, 1, 0, NULL, NULL),
       (1003, '饰品配件', 107, 3, 1, 0, NULL, NULL),
       (1004, '婚庆饰品', 107, 3, 1, 0, NULL, NULL),
       (1005, '黄金吊坠', 108, 3, 1, 0, NULL, NULL),
       (1006, '黄金项链', 108, 3, 1, 0, NULL, NULL),
       (1007, '黄金转运珠', 108, 3, 1, 0, NULL, NULL),
       (1008, '黄金手镯/手链/脚链', 108, 3, 1, 0, NULL, NULL),
       (1009, '黄金耳饰', 108, 3, 1, 0, NULL, NULL),
       (1010, '黄金戒指', 108, 3, 1, 0, NULL, NULL),
       (1011, 'K金吊坠', 109, 3, 1, 0, NULL, NULL),
       (1012, 'K金项链', 109, 3, 1, 0, NULL, NULL),
       (1013, 'K金手镯/手链/脚链', 109, 3, 1, 0, NULL, NULL),
       (1014, 'K金戒指', 109, 3, 1, 0, NULL, NULL),
       (1015, 'K金耳饰', 109, 3, 1, 0, NULL, NULL),
       (1016, '投资金', 110, 3, 1, 0, NULL, NULL),
       (1017, '投资银', 110, 3, 1, 0, NULL, NULL),
       (1018, '投资收藏', 110, 3, 1, 0, NULL, NULL),
       (1019, '银吊坠/项链', 111, 3, 1, 0, NULL, NULL),
       (1020, '银手镯/手链/脚链', 111, 3, 1, 0, NULL, NULL),
       (1021, '银戒指', 111, 3, 1, 0, NULL, NULL),
       (1022, '银耳饰', 111, 3, 1, 0, NULL, NULL),
       (1023, '足银手镯', 111, 3, 1, 0, NULL, NULL),
       (1024, '宝宝银饰', 111, 3, 1, 0, NULL, NULL),
       (1025, '裸钻', 112, 3, 1, 0, NULL, NULL),
       (1026, '钻戒', 112, 3, 1, 0, NULL, NULL),
       (1027, '钻石项链/吊坠', 112, 3, 1, 0, NULL, NULL),
       (1028, '钻石耳饰', 112, 3, 1, 0, NULL, NULL),
       (1029, '钻石手镯/手链', 112, 3, 1, 0, NULL, NULL),
       (1030, '项链/吊坠', 113, 3, 1, 0, NULL, NULL),
       (1031, '手镯/手串', 113, 3, 1, 0, NULL, NULL),
       (1032, '戒指', 113, 3, 1, 0, NULL, NULL),
       (1033, '耳饰', 113, 3, 1, 0, NULL, NULL),
       (1034, '挂件/摆件/把件', 113, 3, 1, 0, NULL, NULL),
       (1035, '玉石孤品', 113, 3, 1, 0, NULL, NULL),
       (1036, '项链/吊坠', 114, 3, 1, 0, NULL, NULL),
       (1037, '耳饰', 114, 3, 1, 0, NULL, NULL),
       (1038, '手镯/手链/脚链', 114, 3, 1, 0, NULL, NULL),
       (1039, '戒指', 114, 3, 1, 0, NULL, NULL),
       (1040, '头饰/胸针', 114, 3, 1, 0, NULL, NULL),
       (1041, '摆件/挂件', 114, 3, 1, 0, NULL, NULL),
       (1042, '琥珀/蜜蜡', 115, 3, 1, 0, NULL, NULL),
       (1043, '碧玺', 115, 3, 1, 0, NULL, NULL),
       (1044, '红宝石/蓝宝石', 115, 3, 1, 0, NULL, NULL),
       (1045, '坦桑石', 115, 3, 1, 0, NULL, NULL),
       (1046, '珊瑚', 115, 3, 1, 0, NULL, NULL),
       (1047, '祖母绿', 115, 3, 1, 0, NULL, NULL),
       (1048, '葡萄石', 115, 3, 1, 0, NULL, NULL),
       (1049, '其他天然宝石', 115, 3, 1, 0, NULL, NULL),
       (1050, '项链/吊坠', 115, 3, 1, 0, NULL, NULL),
       (1051, '耳饰', 115, 3, 1, 0, NULL, NULL),
       (1052, '手镯/手链', 115, 3, 1, 0, NULL, NULL),
       (1053, '戒指', 115, 3, 1, 0, NULL, NULL),
       (1054, '铂金项链/吊坠', 116, 3, 1, 0, NULL, NULL),
       (1055, '铂金手镯/手链/脚链', 116, 3, 1, 0, NULL, NULL),
       (1056, '铂金戒指', 116, 3, 1, 0, NULL, NULL),
       (1057, '铂金耳饰', 116, 3, 1, 0, NULL, NULL),
       (1058, '小叶紫檀', 117, 3, 1, 0, NULL, NULL),
       (1059, '黄花梨', 117, 3, 1, 0, NULL, NULL),
       (1060, '沉香木', 117, 3, 1, 0, NULL, NULL),
       (1061, '金丝楠', 117, 3, 1, 0, NULL, NULL),
       (1062, '菩提', 117, 3, 1, 0, NULL, NULL),
       (1063, '其他', 117, 3, 1, 0, NULL, NULL),
       (1064, '橄榄核/核桃', 117, 3, 1, 0, NULL, NULL),
       (1065, '檀香', 117, 3, 1, 0, NULL, NULL),
       (1066, '珍珠项链', 118, 3, 1, 0, NULL, NULL),
       (1067, '珍珠吊坠', 118, 3, 1, 0, NULL, NULL),
       (1068, '珍珠耳饰', 118, 3, 1, 0, NULL, NULL),
       (1069, '珍珠手链', 118, 3, 1, 0, NULL, NULL),
       (1070, '珍珠戒指', 118, 3, 1, 0, NULL, NULL),
       (1071, '珍珠胸针', 118, 3, 1, 0, NULL, NULL),
       (1072, '机油', 119, 3, 1, 0, NULL, NULL),
       (1073, '正时皮带', 119, 3, 1, 0, NULL, NULL),
       (1074, '添加剂', 119, 3, 1, 0, NULL, NULL),
       (1075, '汽车喇叭', 119, 3, 1, 0, NULL, NULL),
       (1076, '防冻液', 119, 3, 1, 0, NULL, NULL),
       (1077, '汽车玻璃', 119, 3, 1, 0, NULL, NULL),
       (1078, '滤清器', 119, 3, 1, 0, NULL, NULL),
       (1079, '火花塞', 119, 3, 1, 0, NULL, NULL),
       (1080, '减震器', 119, 3, 1, 0, NULL, NULL),
       (1081, '柴机油/辅助油', 119, 3, 1, 0, NULL, NULL),
       (1082, '雨刷', 119, 3, 1, 0, NULL, NULL),
       (1083, '车灯', 119, 3, 1, 0, NULL, NULL),
       (1084, '后视镜', 119, 3, 1, 0, NULL, NULL),
       (1085, '轮胎', 119, 3, 1, 0, NULL, NULL),
       (1086, '轮毂', 119, 3, 1, 0, NULL, NULL),
       (1087, '刹车片/盘', 119, 3, 1, 0, NULL, NULL),
       (1088, '维修配件', 119, 3, 1, 0, NULL, NULL),
       (1089, '蓄电池', 119, 3, 1, 0, NULL, NULL),
       (1090, '底盘装甲/护板', 119, 3, 1, 0, NULL, NULL),
       (1091, '贴膜', 119, 3, 1, 0, NULL, NULL),
       (1092, '汽修工具', 119, 3, 1, 0, NULL, NULL),
       (1093, '改装配件', 119, 3, 1, 0, NULL, NULL),
       (1094, '导航仪', 120, 3, 1, 0, NULL, NULL),
       (1095, '安全预警仪', 120, 3, 1, 0, NULL, NULL),
       (1096, '行车记录仪', 120, 3, 1, 0, NULL, NULL),
       (1097, '倒车雷达', 120, 3, 1, 0, NULL, NULL),
       (1098, '蓝牙设备', 120, 3, 1, 0, NULL, NULL),
       (1099, '车载影音', 120, 3, 1, 0, NULL, NULL),
       (1100, '净化器', 120, 3, 1, 0, NULL, NULL),
       (1101, '电源', 120, 3, 1, 0, NULL, NULL),
       (1102, '智能驾驶', 120, 3, 1, 0, NULL, NULL),
       (1103, '车载电台', 120, 3, 1, 0, NULL, NULL),
       (1104, '车载电器配件', 120, 3, 1, 0, NULL, NULL),
       (1105, '吸尘器', 120, 3, 1, 0, NULL, NULL),
       (1106, '智能车机', 120, 3, 1, 0, NULL, NULL),
       (1107, '冰箱', 120, 3, 1, 0, NULL, NULL),
       (1108, '汽车音响', 120, 3, 1, 0, NULL, NULL),
       (1109, '车载生活电器', 120, 3, 1, 0, NULL, NULL),
       (1110, '车蜡', 121, 3, 1, 0, NULL, NULL),
       (1111, '补漆笔', 121, 3, 1, 0, NULL, NULL),
       (1112, '玻璃水', 121, 3, 1, 0, NULL, NULL),
       (1113, '清洁剂', 121, 3, 1, 0, NULL, NULL),
       (1114, '洗车工具', 121, 3, 1, 0, NULL, NULL),
       (1115, '镀晶镀膜', 121, 3, 1, 0, NULL, NULL),
       (1116, '打蜡机', 121, 3, 1, 0, NULL, NULL),
       (1117, '洗车配件', 121, 3, 1, 0, NULL, NULL),
       (1118, '洗车机', 121, 3, 1, 0, NULL, NULL),
       (1119, '洗车水枪', 121, 3, 1, 0, NULL, NULL),
       (1120, '毛巾掸子', 121, 3, 1, 0, NULL, NULL),
       (1121, '脚垫', 122, 3, 1, 0, NULL, NULL),
       (1122, '座垫', 122, 3, 1, 0, NULL, NULL),
       (1123, '座套', 122, 3, 1, 0, NULL, NULL),
       (1124, '后备箱垫', 122, 3, 1, 0, NULL, NULL),
       (1125, '头枕腰靠', 122, 3, 1, 0, NULL, NULL),
       (1126, '方向盘套', 122, 3, 1, 0, NULL, NULL),
       (1127, '香水', 122, 3, 1, 0, NULL, NULL),
       (1128, '空气净化', 122, 3, 1, 0, NULL, NULL),
       (1129, '挂件摆件', 122, 3, 1, 0, NULL, NULL),
       (1130, '功能小件', 122, 3, 1, 0, NULL, NULL),
       (1131, '车身装饰件', 122, 3, 1, 0, NULL, NULL),
       (1132, '车衣', 122, 3, 1, 0, NULL, NULL),
       (1133, '安全座椅', 123, 3, 1, 0, NULL, NULL),
       (1134, '胎压监测', 123, 3, 1, 0, NULL, NULL),
       (1135, '防盗设备', 123, 3, 1, 0, NULL, NULL),
       (1136, '应急救援', 123, 3, 1, 0, NULL, NULL),
       (1137, '保温箱', 123, 3, 1, 0, NULL, NULL),
       (1138, '地锁', 123, 3, 1, 0, NULL, NULL),
       (1139, '摩托车', 123, 3, 1, 0, NULL, NULL),
       (1140, '充气泵', 123, 3, 1, 0, NULL, NULL),
       (1141, '储物箱', 123, 3, 1, 0, NULL, NULL),
       (1142, '自驾野营', 123, 3, 1, 0, NULL, NULL),
       (1143, '摩托车装备', 123, 3, 1, 0, NULL, NULL),
       (1144, '清洗美容', 124, 3, 1, 0, NULL, NULL),
       (1145, '功能升级', 124, 3, 1, 0, NULL, NULL),
       (1146, '保养维修', 124, 3, 1, 0, NULL, NULL),
       (1147, '油卡充值', 124, 3, 1, 0, NULL, NULL),
       (1148, '车险', 124, 3, 1, 0, NULL, NULL),
       (1149, '加油卡', 124, 3, 1, 0, NULL, NULL),
       (1150, 'ETC', 124, 3, 1, 0, NULL, NULL),
       (1151, '驾驶培训', 124, 3, 1, 0, NULL, NULL),
       (1152, '赛事服装', 125, 3, 1, 0, NULL, NULL),
       (1153, '赛事用品', 125, 3, 1, 0, NULL, NULL),
       (1154, '制动系统', 125, 3, 1, 0, NULL, NULL),
       (1155, '悬挂系统', 125, 3, 1, 0, NULL, NULL),
       (1156, '进气系统', 125, 3, 1, 0, NULL, NULL),
       (1157, '排气系统', 125, 3, 1, 0, NULL, NULL),
       (1158, '电子管理', 125, 3, 1, 0, NULL, NULL),
       (1159, '车身强化', 125, 3, 1, 0, NULL, NULL),
       (1160, '赛事座椅', 125, 3, 1, 0, NULL, NULL),
       (1161, '跑步鞋', 126, 3, 1, 0, NULL, NULL),
       (1162, '休闲鞋', 126, 3, 1, 0, NULL, NULL),
       (1163, '篮球鞋', 126, 3, 1, 0, NULL, NULL),
       (1164, '板鞋', 126, 3, 1, 0, NULL, NULL),
       (1165, '帆布鞋', 126, 3, 1, 0, NULL, NULL),
       (1166, '足球鞋', 126, 3, 1, 0, NULL, NULL),
       (1167, '乒羽网鞋', 126, 3, 1, 0, NULL, NULL),
       (1168, '专项运动鞋', 126, 3, 1, 0, NULL, NULL),
       (1169, '训练鞋', 126, 3, 1, 0, NULL, NULL),
       (1170, '拖鞋', 126, 3, 1, 0, NULL, NULL),
       (1171, '运动包', 126, 3, 1, 0, NULL, NULL),
       (1172, '羽绒服', 127, 3, 1, 0, NULL, NULL),
       (1173, '棉服', 127, 3, 1, 0, NULL, NULL),
       (1174, '运动裤', 127, 3, 1, 0, NULL, NULL),
       (1175, '夹克/风衣', 127, 3, 1, 0, NULL, NULL),
       (1176, '卫衣/套头衫', 127, 3, 1, 0, NULL, NULL),
       (1177, 'T恤', 127, 3, 1, 0, NULL, NULL),
       (1178, '套装', 127, 3, 1, 0, NULL, NULL),
       (1179, '乒羽网服', 127, 3, 1, 0, NULL, NULL),
       (1180, '健身服', 127, 3, 1, 0, NULL, NULL),
       (1181, '运动背心', 127, 3, 1, 0, NULL, NULL),
       (1182, '毛衫/线衫', 127, 3, 1, 0, NULL, NULL),
       (1183, '运动配饰', 127, 3, 1, 0, NULL, NULL),
       (1184, '折叠车', 128, 3, 1, 0, NULL, NULL),
       (1185, '山地车/公路车', 128, 3, 1, 0, NULL, NULL),
       (1186, '电动车', 128, 3, 1, 0, NULL, NULL),
       (1187, '其他整车', 128, 3, 1, 0, NULL, NULL),
       (1188, '骑行服', 128, 3, 1, 0, NULL, NULL),
       (1189, '骑行装备', 128, 3, 1, 0, NULL, NULL),
       (1190, '平衡车', 128, 3, 1, 0, NULL, NULL),
       (1191, '鱼竿鱼线', 129, 3, 1, 0, NULL, NULL),
       (1192, '浮漂鱼饵', 129, 3, 1, 0, NULL, NULL),
       (1193, '钓鱼桌椅', 129, 3, 1, 0, NULL, NULL),
       (1194, '钓鱼配件', 129, 3, 1, 0, NULL, NULL),
       (1195, '钓箱鱼包', 129, 3, 1, 0, NULL, NULL),
       (1196, '其它', 129, 3, 1, 0, NULL, NULL),
       (1197, '泳镜', 130, 3, 1, 0, NULL, NULL),
       (1198, '泳帽', 130, 3, 1, 0, NULL, NULL),
       (1199, '游泳包防水包', 130, 3, 1, 0, NULL, NULL),
       (1200, '女士泳衣', 130, 3, 1, 0, NULL, NULL),
       (1201, '男士泳衣', 130, 3, 1, 0, NULL, NULL),
       (1202, '比基尼', 130, 3, 1, 0, NULL, NULL),
       (1203, '其它', 130, 3, 1, 0, NULL, NULL),
       (1204, '冲锋衣裤', 131, 3, 1, 0, NULL, NULL),
       (1205, '速干衣裤', 131, 3, 1, 0, NULL, NULL),
       (1206, '滑雪服', 131, 3, 1, 0, NULL, NULL),
       (1207, '羽绒服/棉服', 131, 3, 1, 0, NULL, NULL),
       (1208, '休闲衣裤', 131, 3, 1, 0, NULL, NULL),
       (1209, '抓绒衣裤', 131, 3, 1, 0, NULL, NULL),
       (1210, '软壳衣裤', 131, 3, 1, 0, NULL, NULL),
       (1211, 'T恤', 131, 3, 1, 0, NULL, NULL),
       (1212, '户外风衣', 131, 3, 1, 0, NULL, NULL),
       (1213, '功能内衣', 131, 3, 1, 0, NULL, NULL),
       (1214, '军迷服饰', 131, 3, 1, 0, NULL, NULL),
       (1215, '登山鞋', 131, 3, 1, 0, NULL, NULL),
       (1216, '雪地靴', 131, 3, 1, 0, NULL, NULL),
       (1217, '徒步鞋', 131, 3, 1, 0, NULL, NULL),
       (1218, '越野跑鞋', 131, 3, 1, 0, NULL, NULL),
       (1219, '休闲鞋', 131, 3, 1, 0, NULL, NULL),
       (1220, '工装鞋', 131, 3, 1, 0, NULL, NULL),
       (1221, '溯溪鞋', 131, 3, 1, 0, NULL, NULL),
       (1222, '沙滩/凉拖', 131, 3, 1, 0, NULL, NULL),
       (1223, '户外袜', 131, 3, 1, 0, NULL, NULL),
       (1224, '帐篷/垫子', 132, 3, 1, 0, NULL, NULL),
       (1225, '睡袋/吊床', 132, 3, 1, 0, NULL, NULL),
       (1226, '登山攀岩', 132, 3, 1, 0, NULL, NULL),
       (1227, '户外配饰', 132, 3, 1, 0, NULL, NULL),
       (1228, '背包', 132, 3, 1, 0, NULL, NULL),
       (1229, '户外照明', 132, 3, 1, 0, NULL, NULL),
       (1230, '户外仪表', 132, 3, 1, 0, NULL, NULL),
       (1231, '户外工具', 132, 3, 1, 0, NULL, NULL),
       (1232, '望远镜', 132, 3, 1, 0, NULL, NULL),
       (1233, '旅游用品', 132, 3, 1, 0, NULL, NULL),
       (1234, '便携桌椅床', 132, 3, 1, 0, NULL, NULL),
       (1235, '野餐烧烤', 132, 3, 1, 0, NULL, NULL),
       (1236, '军迷用品', 132, 3, 1, 0, NULL, NULL),
       (1237, '救援装备', 132, 3, 1, 0, NULL, NULL),
       (1238, '滑雪装备', 132, 3, 1, 0, NULL, NULL),
       (1239, '极限户外', 132, 3, 1, 0, NULL, NULL),
       (1240, '冲浪潜水', 132, 3, 1, 0, NULL, NULL),
       (1241, '综合训练器', 133, 3, 1, 0, NULL, NULL),
       (1242, '其他大型器械', 133, 3, 1, 0, NULL, NULL),
       (1243, '哑铃', 133, 3, 1, 0, NULL, NULL),
       (1244, '仰卧板/收腹机', 133, 3, 1, 0, NULL, NULL),
       (1245, '其他中小型器材', 133, 3, 1, 0, NULL, NULL),
       (1246, '瑜伽舞蹈', 133, 3, 1, 0, NULL, NULL),
       (1247, '甩脂机', 133, 3, 1, 0, NULL, NULL),
       (1248, '踏步机', 133, 3, 1, 0, NULL, NULL),
       (1249, '武术搏击', 133, 3, 1, 0, NULL, NULL),
       (1250, '健身车/动感单车', 133, 3, 1, 0, NULL, NULL),
       (1251, '跑步机', 133, 3, 1, 0, NULL, NULL),
       (1252, '运动护具', 133, 3, 1, 0, NULL, NULL),
       (1253, '羽毛球', 134, 3, 1, 0, NULL, NULL),
       (1254, '乒乓球', 134, 3, 1, 0, NULL, NULL),
       (1255, '篮球', 134, 3, 1, 0, NULL, NULL),
       (1256, '足球', 134, 3, 1, 0, NULL, NULL),
       (1257, '网球', 134, 3, 1, 0, NULL, NULL),
       (1258, '排球', 134, 3, 1, 0, NULL, NULL),
       (1259, '高尔夫', 134, 3, 1, 0, NULL, NULL),
       (1260, '台球', 134, 3, 1, 0, NULL, NULL),
       (1261, '棋牌麻将', 134, 3, 1, 0, NULL, NULL),
       (1262, '轮滑滑板', 134, 3, 1, 0, NULL, NULL),
       (1263, '其他', 134, 3, 1, 0, NULL, NULL),
       (1264, '0-6个月', 135, 3, 1, 0, NULL, NULL),
       (1265, '6-12个月', 135, 3, 1, 0, NULL, NULL),
       (1266, '1-3岁', 135, 3, 1, 0, NULL, NULL),
       (1267, '3-6岁', 135, 3, 1, 0, NULL, NULL),
       (1268, '6-14岁', 135, 3, 1, 0, NULL, NULL),
       (1269, '14岁以上', 135, 3, 1, 0, NULL, NULL),
       (1270, '遥控车', 136, 3, 1, 0, NULL, NULL),
       (1271, '遥控飞机', 136, 3, 1, 0, NULL, NULL),
       (1272, '遥控船', 136, 3, 1, 0, NULL, NULL),
       (1273, '机器人', 136, 3, 1, 0, NULL, NULL),
       (1274, '轨道/助力', 136, 3, 1, 0, NULL, NULL),
       (1275, '毛绒/布艺', 137, 3, 1, 0, NULL, NULL),
       (1276, '靠垫/抱枕', 137, 3, 1, 0, NULL, NULL),
       (1277, '芭比娃娃', 138, 3, 1, 0, NULL, NULL),
       (1278, '卡通娃娃', 138, 3, 1, 0, NULL, NULL),
       (1279, '智能娃娃', 138, 3, 1, 0, NULL, NULL),
       (1280, '仿真模型', 139, 3, 1, 0, NULL, NULL),
       (1281, '拼插模型', 139, 3, 1, 0, NULL, NULL),
       (1282, '收藏爱好', 139, 3, 1, 0, NULL, NULL),
       (1283, '炫舞毯', 140, 3, 1, 0, NULL, NULL),
       (1284, '爬行垫/毯', 140, 3, 1, 0, NULL, NULL),
       (1285, '户外玩具', 140, 3, 1, 0, NULL, NULL),
       (1286, '戏水玩具', 140, 3, 1, 0, NULL, NULL),
       (1287, '电影周边', 141, 3, 1, 0, NULL, NULL),
       (1288, '卡通周边', 141, 3, 1, 0, NULL, NULL),
       (1289, '网游周边', 141, 3, 1, 0, NULL, NULL),
       (1290, '摇铃/床铃', 142, 3, 1, 0, NULL, NULL),
       (1291, '健身架', 142, 3, 1, 0, NULL, NULL),
       (1292, '早教启智', 142, 3, 1, 0, NULL, NULL),
       (1293, '拖拉玩具', 142, 3, 1, 0, NULL, NULL),
       (1294, '积木', 143, 3, 1, 0, NULL, NULL),
       (1295, '拼图', 143, 3, 1, 0, NULL, NULL),
       (1296, '磁力棒', 143, 3, 1, 0, NULL, NULL),
       (1297, '立体拼插', 143, 3, 1, 0, NULL, NULL),
       (1298, '手工彩泥', 144, 3, 1, 0, NULL, NULL),
       (1299, '绘画工具', 144, 3, 1, 0, NULL, NULL),
       (1300, '情景玩具', 144, 3, 1, 0, NULL, NULL),
       (1301, '减压玩具', 145, 3, 1, 0, NULL, NULL),
       (1302, '创意玩具', 145, 3, 1, 0, NULL, NULL),
       (1303, '钢琴', 146, 3, 1, 0, NULL, NULL),
       (1304, '电子琴/电钢琴', 146, 3, 1, 0, NULL, NULL),
       (1305, '吉他/尤克里里', 146, 3, 1, 0, NULL, NULL),
       (1306, '打击乐器', 146, 3, 1, 0, NULL, NULL),
       (1307, '西洋管弦', 146, 3, 1, 0, NULL, NULL),
       (1308, '民族管弦乐器', 146, 3, 1, 0, NULL, NULL),
       (1309, '乐器配件', 146, 3, 1, 0, NULL, NULL),
       (1310, '电脑音乐', 146, 3, 1, 0, NULL, NULL),
       (1311, '工艺礼品乐器', 146, 3, 1, 0, NULL, NULL),
       (1312, '口琴/口风琴/竖笛', 146, 3, 1, 0, NULL, NULL),
       (1313, '手风琴', 146, 3, 1, 0, NULL, NULL),
       (1314, '双色球', 147, 3, 1, 0, NULL, NULL),
       (1315, '大乐透', 147, 3, 1, 0, NULL, NULL),
       (1316, '福彩3D', 147, 3, 1, 0, NULL, NULL),
       (1317, '排列三', 147, 3, 1, 0, NULL, NULL),
       (1318, '排列五', 147, 3, 1, 0, NULL, NULL),
       (1319, '七星彩', 147, 3, 1, 0, NULL, NULL),
       (1320, '七乐彩', 147, 3, 1, 0, NULL, NULL),
       (1321, '竞彩足球', 147, 3, 1, 0, NULL, NULL),
       (1322, '竞彩篮球', 147, 3, 1, 0, NULL, NULL),
       (1323, '新时时彩', 147, 3, 1, 0, NULL, NULL),
       (1324, '国内机票', 148, 3, 1, 0, NULL, NULL),
       (1325, '国内酒店', 149, 3, 1, 0, NULL, NULL),
       (1326, '酒店团购', 149, 3, 1, 0, NULL, NULL),
       (1327, '度假', 150, 3, 1, 0, NULL, NULL),
       (1328, '景点', 150, 3, 1, 0, NULL, NULL),
       (1329, '租车', 150, 3, 1, 0, NULL, NULL),
       (1330, '火车票', 150, 3, 1, 0, NULL, NULL),
       (1331, '旅游团购', 150, 3, 1, 0, NULL, NULL),
       (1332, '手机充值', 151, 3, 1, 0, NULL, NULL),
       (1333, '游戏点卡', 152, 3, 1, 0, NULL, NULL),
       (1334, 'QQ充值', 152, 3, 1, 0, NULL, NULL),
       (1335, '电影票', 153, 3, 1, 0, NULL, NULL),
       (1336, '演唱会', 153, 3, 1, 0, NULL, NULL),
       (1337, '话剧歌剧', 153, 3, 1, 0, NULL, NULL),
       (1338, '音乐会', 153, 3, 1, 0, NULL, NULL),
       (1339, '体育赛事', 153, 3, 1, 0, NULL, NULL),
       (1340, '舞蹈芭蕾', 153, 3, 1, 0, NULL, NULL),
       (1341, '戏曲综艺', 153, 3, 1, 0, NULL, NULL),
       (1342, '东北', 154, 3, 1, 0, NULL, NULL),
       (1343, '华北', 154, 3, 1, 0, NULL, NULL),
       (1344, '西北', 154, 3, 1, 0, NULL, NULL),
       (1345, '华中', 154, 3, 1, 0, NULL, NULL),
       (1346, '华东', 154, 3, 1, 0, NULL, NULL),
       (1347, '华南', 154, 3, 1, 0, NULL, NULL),
       (1348, '西南', 154, 3, 1, 0, NULL, NULL),
       (1349, '苹果', 155, 3, 1, 0, NULL, NULL),
       (1350, '橙子', 155, 3, 1, 0, NULL, NULL),
       (1351, '奇异果/猕猴桃', 155, 3, 1, 0, NULL, NULL),
       (1352, '车厘子/樱桃', 155, 3, 1, 0, NULL, NULL),
       (1353, '芒果', 155, 3, 1, 0, NULL, NULL),
       (1354, '蓝莓', 155, 3, 1, 0, NULL, NULL),
       (1355, '火龙果', 155, 3, 1, 0, NULL, NULL),
       (1356, '葡萄/提子', 155, 3, 1, 0, NULL, NULL),
       (1357, '柚子', 155, 3, 1, 0, NULL, NULL),
       (1358, '香蕉', 155, 3, 1, 0, NULL, NULL),
       (1359, '牛油果', 155, 3, 1, 0, NULL, NULL),
       (1360, '梨', 155, 3, 1, 0, NULL, NULL),
       (1361, '菠萝/凤梨', 155, 3, 1, 0, NULL, NULL),
       (1362, '桔/橘', 155, 3, 1, 0, NULL, NULL),
       (1363, '柠檬', 155, 3, 1, 0, NULL, NULL),
       (1364, '草莓', 155, 3, 1, 0, NULL, NULL),
       (1365, '桃/李/杏', 155, 3, 1, 0, NULL, NULL),
       (1366, '更多水果', 155, 3, 1, 0, NULL, NULL),
       (1367, '水果礼盒/券', 155, 3, 1, 0, NULL, NULL),
       (1368, '牛肉', 156, 3, 1, 0, NULL, NULL),
       (1369, '羊肉', 156, 3, 1, 0, NULL, NULL),
       (1370, '猪肉', 156, 3, 1, 0, NULL, NULL),
       (1371, '内脏类', 156, 3, 1, 0, NULL, NULL),
       (1372, '鱼类', 157, 3, 1, 0, NULL, NULL),
       (1373, '虾类', 157, 3, 1, 0, NULL, NULL),
       (1374, '蟹类', 157, 3, 1, 0, NULL, NULL),
       (1375, '贝类', 157, 3, 1, 0, NULL, NULL),
       (1376, '海参', 157, 3, 1, 0, NULL, NULL),
       (1377, '海产干货', 157, 3, 1, 0, NULL, NULL),
       (1378, '其他水产', 157, 3, 1, 0, NULL, NULL),
       (1379, '海产礼盒', 157, 3, 1, 0, NULL, NULL),
       (1380, '鸡肉', 158, 3, 1, 0, NULL, NULL),
       (1381, '鸭肉', 158, 3, 1, 0, NULL, NULL),
       (1382, '蛋类', 158, 3, 1, 0, NULL, NULL),
       (1383, '其他禽类', 158, 3, 1, 0, NULL, NULL),
       (1384, '水饺/馄饨', 159, 3, 1, 0, NULL, NULL),
       (1385, '汤圆/元宵', 159, 3, 1, 0, NULL, NULL),
       (1386, '面点', 159, 3, 1, 0, NULL, NULL),
       (1387, '火锅丸串', 159, 3, 1, 0, NULL, NULL),
       (1388, '速冻半成品', 159, 3, 1, 0, NULL, NULL),
       (1389, '奶酪黄油', 159, 3, 1, 0, NULL, NULL),
       (1390, '熟食', 160, 3, 1, 0, NULL, NULL),
       (1391, '腊肠/腊肉', 160, 3, 1, 0, NULL, NULL),
       (1392, '火腿', 160, 3, 1, 0, NULL, NULL),
       (1393, '糕点', 160, 3, 1, 0, NULL, NULL),
       (1394, '礼品卡券', 160, 3, 1, 0, NULL, NULL),
       (1395, '冷藏果蔬汁', 161, 3, 1, 0, NULL, NULL),
       (1396, '冰激凌', 161, 3, 1, 0, NULL, NULL),
       (1397, '其他', 161, 3, 1, 0, NULL, NULL),
       (1398, '叶菜类', 162, 3, 1, 0, NULL, NULL),
       (1399, '茄果瓜类', 162, 3, 1, 0, NULL, NULL),
       (1400, '根茎类', 162, 3, 1, 0, NULL, NULL),
       (1401, '鲜菌菇', 162, 3, 1, 0, NULL, NULL),
       (1402, '葱姜蒜椒', 162, 3, 1, 0, NULL, NULL),
       (1403, '半加工蔬菜', 162, 3, 1, 0, NULL, NULL),
       (1404, '微型车', 163, 3, 1, 0, NULL, NULL),
       (1405, '小型车', 163, 3, 1, 0, NULL, NULL),
       (1406, '紧凑型车', 163, 3, 1, 0, NULL, NULL),
       (1407, '中型车', 163, 3, 1, 0, NULL, NULL),
       (1408, '中大型车', 163, 3, 1, 0, NULL, NULL),
       (1409, '豪华车', 163, 3, 1, 0, NULL, NULL),
       (1410, 'MPV', 163, 3, 1, 0, NULL, NULL),
       (1411, 'SUV', 163, 3, 1, 1, NULL, NULL),
       (1412, '跑车', 163, 3, 1, 0, NULL, NULL),
       (1413, '微型车（二手）', 164, 3, 1, 0, NULL, NULL),
       (1414, '小型车（二手）', 164, 3, 1, 0, NULL, NULL),
       (1415, '紧凑型车（二手）', 164, 3, 1, 0, NULL, NULL),
       (1416, '中型车（二手）', 164, 3, 1, 0, NULL, NULL),
       (1417, '中大型车（二手）', 164, 3, 1, 0, NULL, NULL),
       (1418, '豪华车（二手）', 164, 3, 1, 0, NULL, NULL),
       (1419, 'MPV（二手）', 164, 3, 1, 0, NULL, NULL),
       (1420, 'SUV（二手）', 164, 3, 1, 0, NULL, NULL),
       (1421, '跑车（二手）', 164, 3, 1, 0, NULL, NULL),
       (1422, '皮卡（二手）', 164, 3, 1, 0, NULL, NULL),
       (1423, '面包车（二手）', 164, 3, 1, 0, NULL, NULL);

/*Table structure for table `pms_category_brand_relation` */

DROP TABLE IF EXISTS `pms_category_brand_relation`;

CREATE TABLE `pms_category_brand_relation`
(
    `id`            bigint(20) NOT NULL AUTO_INCREMENT,
    `brand_id`      bigint(20) DEFAULT NULL COMMENT '品牌id',
    `category_id`   bigint(20) DEFAULT NULL COMMENT '分类id',
    `brand_name`    varchar(255) DEFAULT NULL COMMENT '品牌名称',
    `category_name` varchar(255) DEFAULT NULL COMMENT '分类名称',
    `create_time`   timestamp NULL DEFAULT NULL COMMENT '创建时间',
    PRIMARY KEY (`id`),
    KEY             `idx_brand_id` (`brand_id`),
    KEY             `idx_category_id` (`category_id`)
) ENGINE = InnoDB
  AUTO_INCREMENT = 4
  DEFAULT CHARSET = utf8mb4 COMMENT ='品牌分类关联';

/*Data for the table `pms_category_brand_relation` */

insert into `pms_category_brand_relation`(`id`, `brand_id`, `category_id`, `brand_name`, `category_name`, `create_time`)
values (1, 1, 225, '华为', '手机', NULL),
       (2, 5, 225, '小米', '手机', NULL),
       (3, 6, 225, '苹果', '手机', NULL);

/*Table structure for table `pms_comment_replay` */

DROP TABLE IF EXISTS `pms_comment_replay`;

CREATE TABLE `pms_comment_replay`
(
    `id`         bigint(20) NOT NULL AUTO_INCREMENT COMMENT 'id',
    `comment_id` bigint(20) DEFAULT NULL COMMENT '评论id',
    `reply_id`   bigint(20) DEFAULT NULL COMMENT '回复id',
    PRIMARY KEY (`id`)
) ENGINE = InnoDB
  DEFAULT CHARSET = utf8mb4 COMMENT ='商品评价回复关系';

/*Data for the table `pms_comment_replay` */

/*Table structure for table `pms_product_attr_value` */

DROP TABLE IF EXISTS `pms_product_attr_value`;

CREATE TABLE `pms_product_attr_value`
(
    `id`         bigint(20) NOT NULL AUTO_INCREMENT COMMENT 'id',
    `spu_id`     bigint(20) DEFAULT NULL COMMENT '商品id',
    `attr_id`    bigint(20) DEFAULT NULL COMMENT '属性id',
    `attr_name`  varchar(200) DEFAULT NULL COMMENT '属性名',
    `attr_value` varchar(200) DEFAULT NULL COMMENT '属性值',
    `attr_sort`  int(11) DEFAULT NULL COMMENT '顺序',
    `quick_show` tinyint(1) DEFAULT NULL COMMENT '快速展示【是否展示在介绍上；0-否 1-是】',
    PRIMARY KEY (`id`)
) ENGINE = InnoDB
  AUTO_INCREMENT = 70
  DEFAULT CHARSET = utf8mb4 COMMENT ='spu属性值';

/*Data for the table `pms_product_attr_value` */

insert into `pms_product_attr_value`(`id`, `spu_id`, `attr_id`, `attr_name`, `attr_value`, `attr_sort`, `quick_show`)
values (52, 17, 7, '产品名称', '苹果12', NULL, 1),
       (53, 17, 8, '上市年份', '2020年', NULL, 1),
       (54, 17, 9, '品牌', '苹果', NULL, 1),
       (55, 17, 10, '机身宽度（mm）', '80mm', NULL, 1),
       (56, 17, 11, '机身长度（mm）', '163mm', NULL, 0),
       (57, 17, 14, '机身厚度（mm）', '19mm', NULL, 0),
       (58, 17, 15, '芯片规格', 'A13', NULL, 1),
       (59, 17, 16, '主屏幕尺寸', '其他尺寸', NULL, 0),
       (60, 17, 17, '屏幕材质类型', 'OLED', NULL, 0),
       (61, 18, 7, '产品名称', '华为Mate40', NULL, 1),
       (62, 18, 8, '上市年份', '2020年', NULL, 1),
       (63, 18, 9, '品牌', '华为', NULL, 1),
       (64, 18, 10, '机身宽度（mm）', '75mm', NULL, 1),
       (65, 18, 11, '机身长度（mm）', '165mm', NULL, 0),
       (66, 18, 14, '机身厚度（mm）', '19mm', NULL, 0),
       (67, 18, 15, '芯片规格', '麒麟960', NULL, 1),
       (68, 18, 16, '主屏幕尺寸', '其他尺寸', NULL, 0),
       (69, 18, 17, '屏幕材质类型', 'OLED', NULL, 0);

/*Table structure for table `pms_sku_images` */

DROP TABLE IF EXISTS `pms_sku_images`;

CREATE TABLE `pms_sku_images`
(
    `id`          bigint(20) NOT NULL AUTO_INCREMENT COMMENT 'id',
    `sku_id`      bigint(20) DEFAULT NULL COMMENT 'sku_id',
    `img_url`     varchar(255) DEFAULT NULL COMMENT '图片地址',
    `img_sort`    int(11) DEFAULT NULL COMMENT '排序',
    `default_img` int(11) DEFAULT NULL COMMENT '默认图[0 - 不是默认图，1 - 是默认图]',
    PRIMARY KEY (`id`)
) ENGINE = InnoDB
  AUTO_INCREMENT = 66
  DEFAULT CHARSET = utf8mb4 COMMENT ='sku图片';

/*Data for the table `pms_sku_images` */

insert into `pms_sku_images`(`id`, `sku_id`, `img_url`, `img_sort`, `default_img`)
values (38, 41,
        'https://laughingather.oss-cn-qingdao.aliyuncs.com/gulimall/2021-09-14/340fe5e7-788a-4c17-889c-795c470eaf9f_2d0dd638abf7dcc2.jpg',
        NULL, 0),
       (39, 41,
        'https://laughingather.oss-cn-qingdao.aliyuncs.com/gulimall/2021-09-14/8db090e8-5ff5-4357-8aff-7ebb55635ae7_24bc162f493ec940.jpg',
        NULL, 1),
       (40, 41,
        'https://laughingather.oss-cn-qingdao.aliyuncs.com/gulimall/2021-09-14/0151439e-3cfc-479f-8da0-84b19042b462_149503bc9026d922.jpg',
        NULL, 0),
       (41, 42,
        'https://laughingather.oss-cn-qingdao.aliyuncs.com/gulimall/2021-09-14/340fe5e7-788a-4c17-889c-795c470eaf9f_2d0dd638abf7dcc2.jpg',
        NULL, 0),
       (42, 42,
        'https://laughingather.oss-cn-qingdao.aliyuncs.com/gulimall/2021-09-14/8db090e8-5ff5-4357-8aff-7ebb55635ae7_24bc162f493ec940.jpg',
        NULL, 1),
       (43, 42,
        'https://laughingather.oss-cn-qingdao.aliyuncs.com/gulimall/2021-09-14/0151439e-3cfc-479f-8da0-84b19042b462_149503bc9026d922.jpg',
        NULL, 0),
       (44, 43,
        'https://laughingather.oss-cn-qingdao.aliyuncs.com/gulimall/2021-09-14/0467dacf-7cae-4e23-896b-50c5d861abb7_a0d21aabf860fbf0.jpg',
        NULL, 0),
       (45, 43,
        'https://laughingather.oss-cn-qingdao.aliyuncs.com/gulimall/2021-09-14/c2c33938-9c91-4059-8f51-5a82f535238e_4297977df96064cf.jpg',
        NULL, 1),
       (46, 43,
        'https://laughingather.oss-cn-qingdao.aliyuncs.com/gulimall/2021-09-14/4bc68ed0-3137-4a55-80fb-c41646b19511_ab5c2d05f879a2f5.jpg',
        NULL, 0),
       (47, 44,
        'https://laughingather.oss-cn-qingdao.aliyuncs.com/gulimall/2021-09-14/0467dacf-7cae-4e23-896b-50c5d861abb7_a0d21aabf860fbf0.jpg',
        NULL, 0),
       (48, 44,
        'https://laughingather.oss-cn-qingdao.aliyuncs.com/gulimall/2021-09-14/c2c33938-9c91-4059-8f51-5a82f535238e_4297977df96064cf.jpg',
        NULL, 1),
       (49, 44,
        'https://laughingather.oss-cn-qingdao.aliyuncs.com/gulimall/2021-09-14/4bc68ed0-3137-4a55-80fb-c41646b19511_ab5c2d05f879a2f5.jpg',
        NULL, 0),
       (50, 45,
        'https://laughingather.oss-cn-qingdao.aliyuncs.com/gulimall/2021-09-14/409d29d2-4833-4563-8c60-0312b01a9eeb_b88c0485ca234e0d.jpg',
        NULL, 1),
       (51, 45,
        'https://laughingather.oss-cn-qingdao.aliyuncs.com/gulimall/2021-09-14/f4d406f6-813f-4040-8bdf-f031dfc9eedc_3f23d4c4d2e4059b.jpg',
        NULL, 0),
       (52, 45,
        'https://laughingather.oss-cn-qingdao.aliyuncs.com/gulimall/2021-09-14/3ef65c15-c6c2-455c-8010-305b441b183f_18d985bbf3b262c2 (1).jpg',
        NULL, 0),
       (53, 45,
        'https://laughingather.oss-cn-qingdao.aliyuncs.com/gulimall/2021-09-14/7650638d-9ac6-4283-82d0-b2463066c2ee_c9724e0156ac1b06 (1).jpg',
        NULL, 0),
       (54, 46,
        'https://laughingather.oss-cn-qingdao.aliyuncs.com/gulimall/2021-09-14/409d29d2-4833-4563-8c60-0312b01a9eeb_b88c0485ca234e0d.jpg',
        NULL, 1),
       (55, 46,
        'https://laughingather.oss-cn-qingdao.aliyuncs.com/gulimall/2021-09-14/f4d406f6-813f-4040-8bdf-f031dfc9eedc_3f23d4c4d2e4059b.jpg',
        NULL, 0),
       (56, 46,
        'https://laughingather.oss-cn-qingdao.aliyuncs.com/gulimall/2021-09-14/3ef65c15-c6c2-455c-8010-305b441b183f_18d985bbf3b262c2 (1).jpg',
        NULL, 0),
       (57, 46,
        'https://laughingather.oss-cn-qingdao.aliyuncs.com/gulimall/2021-09-14/7650638d-9ac6-4283-82d0-b2463066c2ee_c9724e0156ac1b06 (1).jpg',
        NULL, 0),
       (58, 47,
        'https://laughingather.oss-cn-qingdao.aliyuncs.com/gulimall/2021-09-14/b7862c2f-79e9-4759-8542-1c7acdf06a59_3c778f0a77663104.jpg',
        NULL, 1),
       (59, 47,
        'https://laughingather.oss-cn-qingdao.aliyuncs.com/gulimall/2021-09-14/03254867-2bd8-4361-895f-8d5dab893d83_2ea0d42461080748.jpg',
        NULL, 0),
       (60, 47,
        'https://laughingather.oss-cn-qingdao.aliyuncs.com/gulimall/2021-09-14/968a4a88-6a2c-40e9-8a3c-b0b82f0bf31b_38b474cd090ec30d.jpg',
        NULL, 0),
       (61, 47,
        'https://laughingather.oss-cn-qingdao.aliyuncs.com/gulimall/2021-09-14/6cd24900-8f18-433f-8ad7-68358217ef70_10397bb3059ab4dd.jpg',
        NULL, 0),
       (62, 48,
        'https://laughingather.oss-cn-qingdao.aliyuncs.com/gulimall/2021-09-14/b7862c2f-79e9-4759-8542-1c7acdf06a59_3c778f0a77663104.jpg',
        NULL, 1),
       (63, 48,
        'https://laughingather.oss-cn-qingdao.aliyuncs.com/gulimall/2021-09-14/03254867-2bd8-4361-895f-8d5dab893d83_2ea0d42461080748.jpg',
        NULL, 0),
       (64, 48,
        'https://laughingather.oss-cn-qingdao.aliyuncs.com/gulimall/2021-09-14/968a4a88-6a2c-40e9-8a3c-b0b82f0bf31b_38b474cd090ec30d.jpg',
        NULL, 0),
       (65, 48,
        'https://laughingather.oss-cn-qingdao.aliyuncs.com/gulimall/2021-09-14/6cd24900-8f18-433f-8ad7-68358217ef70_10397bb3059ab4dd.jpg',
        NULL, 0);

/*Table structure for table `pms_sku_info` */

DROP TABLE IF EXISTS `pms_sku_info`;

CREATE TABLE `pms_sku_info`
(
    `sku_id`          bigint(20) NOT NULL AUTO_INCREMENT COMMENT 'skuId',
    `sku_name`        varchar(255)   DEFAULT NULL COMMENT 'sku名称',
    `sku_title`       varchar(255)   DEFAULT NULL COMMENT '标题',
    `sku_subtitle`    varchar(511)   DEFAULT NULL COMMENT '副标题',
    `sku_desc`        varchar(2000)  DEFAULT NULL COMMENT 'sku介绍描述',
    `sku_default_img` varchar(255)   DEFAULT NULL COMMENT '默认图片',
    `price`           decimal(18, 4) DEFAULT NULL COMMENT '价格',
    `sale_count`      bigint(20) DEFAULT NULL COMMENT '销量',
    `spu_id`          bigint(20) DEFAULT NULL COMMENT 'spuId',
    `category_id`     bigint(20) DEFAULT NULL COMMENT '所属分类id',
    `brand_id`        bigint(20) DEFAULT NULL COMMENT '所属品牌id',
    `create_time`     timestamp NULL DEFAULT NULL COMMENT '创建时间',
    `update_time`     timestamp NULL DEFAULT NULL COMMENT '更新时间',
    PRIMARY KEY (`sku_id`)
) ENGINE = InnoDB
  AUTO_INCREMENT = 49
  DEFAULT CHARSET = utf8mb4 COMMENT ='sku信息';

/*Data for the table `pms_sku_info` */

insert into `pms_sku_info`(`sku_id`, `sku_name`, `sku_title`, `sku_subtitle`, `sku_desc`, `sku_default_img`, `price`,
                           `sale_count`, `spu_id`, `category_id`, `brand_id`, `create_time`, `update_time`)
values (41, 'Apple iPhone 12 (A2404) 128GB 绿色 支持移动联通电信5G 双卡双待手机 黑色 4G',
        'Apple iPhone 12 (A2404) 128GB 绿色 支持移动联通电信5G 双卡双待手机 黑色 4G',
        'Apple iPhone 12 (A2404) 128GB 绿色 支持移动联通电信5G 双卡双待手机 黑色 4G', NULL,
        'https://laughingather.oss-cn-qingdao.aliyuncs.com/gulimall/2021-09-14/8db090e8-5ff5-4357-8aff-7ebb55635ae7_24bc162f493ec940.jpg',
        4799.0000, 0, 17, 225, 6, NULL, NULL),
       (42, 'Apple iPhone 12 (A2404) 128GB 绿色 支持移动联通电信5G 双卡双待手机 黑色 6G',
        'Apple iPhone 12 (A2404) 128GB 绿色 支持移动联通电信5G 双卡双待手机 黑色 6G',
        'Apple iPhone 12 (A2404) 128GB 绿色 支持移动联通电信5G 双卡双待手机 黑色 6G', NULL,
        'https://laughingather.oss-cn-qingdao.aliyuncs.com/gulimall/2021-09-14/8db090e8-5ff5-4357-8aff-7ebb55635ae7_24bc162f493ec940.jpg',
        5299.0000, 0, 17, 225, 6, NULL, NULL),
       (43, 'Apple iPhone 12 (A2404) 128GB 绿色 支持移动联通电信5G 双卡双待手机 白色 4G',
        'Apple iPhone 12 (A2404) 128GB 绿色 支持移动联通电信5G 双卡双待手机 白色 4G',
        'Apple iPhone 12 (A2404) 128GB 绿色 支持移动联通电信5G 双卡双待手机 白色 4G', NULL,
        'https://laughingather.oss-cn-qingdao.aliyuncs.com/gulimall/2021-09-14/c2c33938-9c91-4059-8f51-5a82f535238e_4297977df96064cf.jpg',
        4799.0000, 0, 17, 225, 6, NULL, NULL),
       (44, 'Apple iPhone 12 (A2404) 128GB 绿色 支持移动联通电信5G 双卡双待手机 白色 6G',
        'Apple iPhone 12 (A2404) 128GB 绿色 支持移动联通电信5G 双卡双待手机 白色 6G',
        'Apple iPhone 12 (A2404) 128GB 绿色 支持移动联通电信5G 双卡双待手机 白色 6G', NULL,
        'https://laughingather.oss-cn-qingdao.aliyuncs.com/gulimall/2021-09-14/c2c33938-9c91-4059-8f51-5a82f535238e_4297977df96064cf.jpg',
        5299.0000, 0, 17, 225, 6, NULL, NULL),
       (45, '【搭载HarmonyOS 2】华为 HUAWEI Mate 40 Pro 4G 全网通 麒麟9000旗舰芯片 8GB+256GB秘银色手机【秒杀版】 黑色 6G',
        '【搭载HarmonyOS 2】华为 HUAWEI Mate 40 Pro 4G 全网通 麒麟9000旗舰芯片 8GB+256GB秘银色手机【秒杀版】 黑色 6G',
        '【搭载HarmonyOS 2】华为 HUAWEI Mate 40 Pro 4G 全网通 麒麟9000旗舰芯片 8GB+256GB秘银色手机【秒杀版】 黑色 6G', NULL,
        'https://laughingather.oss-cn-qingdao.aliyuncs.com/gulimall/2021-09-14/409d29d2-4833-4563-8c60-0312b01a9eeb_b88c0485ca234e0d.jpg',
        6299.0000, 0, 18, 225, 1, NULL, NULL),
       (46, '【搭载HarmonyOS 2】华为 HUAWEI Mate 40 Pro 4G 全网通 麒麟9000旗舰芯片 8GB+256GB秘银色手机【秒杀版】 黑色 8G',
        '【搭载HarmonyOS 2】华为 HUAWEI Mate 40 Pro 4G 全网通 麒麟9000旗舰芯片 8GB+256GB秘银色手机【秒杀版】 黑色 8G',
        '【搭载HarmonyOS 2】华为 HUAWEI Mate 40 Pro 4G 全网通 麒麟9000旗舰芯片 8GB+256GB秘银色手机【秒杀版】 黑色 8G', NULL,
        'https://laughingather.oss-cn-qingdao.aliyuncs.com/gulimall/2021-09-14/409d29d2-4833-4563-8c60-0312b01a9eeb_b88c0485ca234e0d.jpg',
        6799.0000, 0, 18, 225, 1, NULL, NULL),
       (47, '【搭载HarmonyOS 2】华为 HUAWEI Mate 40 Pro 4G 全网通 麒麟9000旗舰芯片 8GB+256GB秘银色手机【秒杀版】 白色 6G',
        '【搭载HarmonyOS 2】华为 HUAWEI Mate 40 Pro 4G 全网通 麒麟9000旗舰芯片 8GB+256GB秘银色手机【秒杀版】 白色 6G',
        '【搭载HarmonyOS 2】华为 HUAWEI Mate 40 Pro 4G 全网通 麒麟9000旗舰芯片 8GB+256GB秘银色手机【秒杀版】 白色 6G', NULL,
        'https://laughingather.oss-cn-qingdao.aliyuncs.com/gulimall/2021-09-14/b7862c2f-79e9-4759-8542-1c7acdf06a59_3c778f0a77663104.jpg',
        6299.0000, 0, 18, 225, 1, NULL, NULL),
       (48, '【搭载HarmonyOS 2】华为 HUAWEI Mate 40 Pro 4G 全网通 麒麟9000旗舰芯片 8GB+256GB秘银色手机【秒杀版】 白色 8G',
        '【搭载HarmonyOS 2】华为 HUAWEI Mate 40 Pro 4G 全网通 麒麟9000旗舰芯片 8GB+256GB秘银色手机【秒杀版】 白色 8G',
        '【搭载HarmonyOS 2】华为 HUAWEI Mate 40 Pro 4G 全网通 麒麟9000旗舰芯片 8GB+256GB秘银色手机【秒杀版】 白色 8G', NULL,
        'https://laughingather.oss-cn-qingdao.aliyuncs.com/gulimall/2021-09-14/b7862c2f-79e9-4759-8542-1c7acdf06a59_3c778f0a77663104.jpg',
        6799.0000, 0, 18, 225, 1, NULL, NULL);

/*Table structure for table `pms_sku_sale_attr_value` */

DROP TABLE IF EXISTS `pms_sku_sale_attr_value`;

CREATE TABLE `pms_sku_sale_attr_value`
(
    `id`         bigint(20) NOT NULL AUTO_INCREMENT COMMENT 'id',
    `sku_id`     bigint(20) DEFAULT NULL COMMENT 'sku_id',
    `attr_id`    bigint(20) DEFAULT NULL COMMENT 'attr_id',
    `attr_name`  varchar(200) DEFAULT NULL COMMENT '销售属性名',
    `attr_value` varchar(200) DEFAULT NULL COMMENT '销售属性值',
    `attr_sort`  int(11) DEFAULT NULL COMMENT '顺序',
    PRIMARY KEY (`id`)
) ENGINE = InnoDB
  AUTO_INCREMENT = 17
  DEFAULT CHARSET = utf8mb4 COMMENT ='sku销售属性&值';

/*Data for the table `pms_sku_sale_attr_value` */

insert into `pms_sku_sale_attr_value`(`id`, `sku_id`, `attr_id`, `attr_name`, `attr_value`, `attr_sort`)
values (1, 41, 12, '颜色', '黑色', NULL),
       (2, 41, 13, '内存', '4G', NULL),
       (3, 42, 12, '颜色', '黑色', NULL),
       (4, 42, 13, '内存', '6G', NULL),
       (5, 43, 12, '颜色', '白色', NULL),
       (6, 43, 13, '内存', '4G', NULL),
       (7, 44, 12, '颜色', '白色', NULL),
       (8, 44, 13, '内存', '6G', NULL),
       (9, 45, 12, '颜色', '黑色', NULL),
       (10, 45, 13, '内存', '6G', NULL),
       (11, 46, 12, '颜色', '黑色', NULL),
       (12, 46, 13, '内存', '8G', NULL),
       (13, 47, 12, '颜色', '白色', NULL),
       (14, 47, 13, '内存', '6G', NULL),
       (15, 48, 12, '颜色', '白色', NULL),
       (16, 48, 13, '内存', '8G', NULL);

/*Table structure for table `pms_spu_comment` */

DROP TABLE IF EXISTS `pms_spu_comment`;

CREATE TABLE `pms_spu_comment`
(
    `id`               bigint(20) NOT NULL AUTO_INCREMENT COMMENT 'id',
    `sku_id`           bigint(20) DEFAULT NULL COMMENT 'sku_id',
    `spu_id`           bigint(20) DEFAULT NULL COMMENT 'spu_id',
    `spu_name`         varchar(255)  DEFAULT NULL COMMENT '商品名字',
    `member_nick_name` varchar(255)  DEFAULT NULL COMMENT '会员昵称',
    `star`             tinyint(1) DEFAULT NULL COMMENT '星级',
    `member_ip`        varchar(64)   DEFAULT NULL COMMENT '会员ip',
    `show_status`      tinyint(1) DEFAULT NULL COMMENT '显示状态[0-不显示，1-显示]',
    `spu_attributes`   varchar(255)  DEFAULT NULL COMMENT '购买时属性组合',
    `likes_count`      int(11) DEFAULT NULL COMMENT '点赞数',
    `reply_count`      int(11) DEFAULT NULL COMMENT '回复数',
    `resources`        varchar(1000) DEFAULT NULL COMMENT '评论图片/视频[json数据；[{type:文件类型,url:资源路径}]]',
    `content`          text COMMENT '内容',
    `member_icon`      varchar(255)  DEFAULT NULL COMMENT '用户头像',
    `comment_type`     tinyint(4) DEFAULT NULL COMMENT '评论类型[0 - 对商品的直接评论，1 - 对评论的回复]',
    `create_time`      datetime      DEFAULT NULL COMMENT '创建时间',
    PRIMARY KEY (`id`)
) ENGINE = InnoDB
  DEFAULT CHARSET = utf8mb4 COMMENT ='商品评价';

/*Data for the table `pms_spu_comment` */

/*Table structure for table `pms_spu_images` */

DROP TABLE IF EXISTS `pms_spu_images`;

CREATE TABLE `pms_spu_images`
(
    `id`          bigint(20) NOT NULL AUTO_INCREMENT COMMENT 'id',
    `spu_id`      bigint(20) DEFAULT NULL COMMENT 'spu_id',
    `img_name`    varchar(200) DEFAULT NULL COMMENT '图片名',
    `img_url`     varchar(255) DEFAULT NULL COMMENT '图片地址',
    `img_sort`    int(11) DEFAULT NULL COMMENT '顺序',
    `default_img` tinyint(1) DEFAULT NULL COMMENT '是否默认图',
    PRIMARY KEY (`id`)
) ENGINE = InnoDB
  AUTO_INCREMENT = 69
  DEFAULT CHARSET = utf8mb4 COMMENT ='spu图片';

/*Data for the table `pms_spu_images` */

insert into `pms_spu_images`(`id`, `spu_id`, `img_name`, `img_url`, `img_sort`, `default_img`)
values (55, 17, NULL,
        'https://laughingather.oss-cn-qingdao.aliyuncs.com/gulimall/2021-09-14/340fe5e7-788a-4c17-889c-795c470eaf9f_2d0dd638abf7dcc2.jpg',
        NULL, 1),
       (56, 17, NULL,
        'https://laughingather.oss-cn-qingdao.aliyuncs.com/gulimall/2021-09-14/8db090e8-5ff5-4357-8aff-7ebb55635ae7_24bc162f493ec940.jpg',
        NULL, NULL),
       (57, 17, NULL,
        'https://laughingather.oss-cn-qingdao.aliyuncs.com/gulimall/2021-09-14/0151439e-3cfc-479f-8da0-84b19042b462_149503bc9026d922.jpg',
        NULL, NULL),
       (58, 17, NULL,
        'https://laughingather.oss-cn-qingdao.aliyuncs.com/gulimall/2021-09-14/0467dacf-7cae-4e23-896b-50c5d861abb7_a0d21aabf860fbf0.jpg',
        NULL, NULL),
       (59, 17, NULL,
        'https://laughingather.oss-cn-qingdao.aliyuncs.com/gulimall/2021-09-14/c2c33938-9c91-4059-8f51-5a82f535238e_4297977df96064cf.jpg',
        NULL, NULL),
       (60, 17, NULL,
        'https://laughingather.oss-cn-qingdao.aliyuncs.com/gulimall/2021-09-14/4bc68ed0-3137-4a55-80fb-c41646b19511_ab5c2d05f879a2f5.jpg',
        NULL, NULL),
       (61, 18, NULL,
        'https://laughingather.oss-cn-qingdao.aliyuncs.com/gulimall/2021-09-14/b7862c2f-79e9-4759-8542-1c7acdf06a59_3c778f0a77663104.jpg',
        NULL, NULL),
       (62, 18, NULL,
        'https://laughingather.oss-cn-qingdao.aliyuncs.com/gulimall/2021-09-14/03254867-2bd8-4361-895f-8d5dab893d83_2ea0d42461080748.jpg',
        NULL, NULL),
       (63, 18, NULL,
        'https://laughingather.oss-cn-qingdao.aliyuncs.com/gulimall/2021-09-14/968a4a88-6a2c-40e9-8a3c-b0b82f0bf31b_38b474cd090ec30d.jpg',
        NULL, NULL),
       (64, 18, NULL,
        'https://laughingather.oss-cn-qingdao.aliyuncs.com/gulimall/2021-09-14/6cd24900-8f18-433f-8ad7-68358217ef70_10397bb3059ab4dd.jpg',
        NULL, NULL),
       (65, 18, NULL,
        'https://laughingather.oss-cn-qingdao.aliyuncs.com/gulimall/2021-09-14/409d29d2-4833-4563-8c60-0312b01a9eeb_b88c0485ca234e0d.jpg',
        NULL, 1),
       (66, 18, NULL,
        'https://laughingather.oss-cn-qingdao.aliyuncs.com/gulimall/2021-09-14/f4d406f6-813f-4040-8bdf-f031dfc9eedc_3f23d4c4d2e4059b.jpg',
        NULL, NULL),
       (67, 18, NULL,
        'https://laughingather.oss-cn-qingdao.aliyuncs.com/gulimall/2021-09-14/3ef65c15-c6c2-455c-8010-305b441b183f_18d985bbf3b262c2 (1).jpg',
        NULL, NULL),
       (68, 18, NULL,
        'https://laughingather.oss-cn-qingdao.aliyuncs.com/gulimall/2021-09-14/7650638d-9ac6-4283-82d0-b2463066c2ee_c9724e0156ac1b06 (1).jpg',
        NULL, NULL);

/*Table structure for table `pms_spu_info` */

DROP TABLE IF EXISTS `pms_spu_info`;

CREATE TABLE `pms_spu_info`
(
    `id`             bigint(20) NOT NULL AUTO_INCREMENT COMMENT '商品id',
    `spu_name`       varchar(200) DEFAULT NULL COMMENT '商品名称',
    `publish_status` tinyint(1) DEFAULT NULL COMMENT '上架状态[0 - 新建，1 - 已上架，2 - 已下架]',
    `category_id`    bigint(20) DEFAULT NULL COMMENT '所属分类id',
    `brand_id`       bigint(20) DEFAULT NULL COMMENT '所属品牌id',
    `create_time`    datetime     DEFAULT NULL COMMENT '创建时间',
    `update_time`    datetime     DEFAULT NULL COMMENT '更新时间',
    PRIMARY KEY (`id`)
) ENGINE = InnoDB
  AUTO_INCREMENT = 19
  DEFAULT CHARSET = utf8mb4 COMMENT ='spu信息';

/*Data for the table `pms_spu_info` */

insert into `pms_spu_info`(`id`, `spu_name`, `publish_status`, `category_id`, `brand_id`, `create_time`, `update_time`)
values (17, 'Apple iPhone 12 (A2404) 128GB 绿色 支持移动联通电信5G 双卡双待手机', 1, 225, 6, '2021-09-14 10:09:18',
        '2021-09-14 02:27:50'),
       (18, '【搭载HarmonyOS 2】华为 HUAWEI Mate 40 Pro 4G 全网通 麒麟9000旗舰芯片 8GB+256GB秘银色手机【秒杀版】', 1, 225, 1,
        '2021-09-14 10:27:32', '2021-09-14 02:27:54');

/*Table structure for table `pms_spu_info_desc` */

DROP TABLE IF EXISTS `pms_spu_info_desc`;

CREATE TABLE `pms_spu_info_desc`
(
    `spu_id`      bigint(20) NOT NULL COMMENT '商品id',
    `description` longtext COMMENT '商品介绍',
    PRIMARY KEY (`spu_id`)
) ENGINE = InnoDB
  DEFAULT CHARSET = utf8mb4 COMMENT ='spu信息介绍';

/*Data for the table `pms_spu_info_desc` */

insert into `pms_spu_info_desc`(`spu_id`, `description`)
values (17,
        'https://laughingather.oss-cn-qingdao.aliyuncs.com/gulimall/2021-09-14/1bc5f67a-72c1-4c39-8684-668e7bc7ceaf_8d8a7aaed36e0041.jpg,https://laughingather.oss-cn-qingdao.aliyuncs.com/gulimall/2021-09-14/8f14d85b-8789-43e4-81ad-96592d10ae51_8dd1a6a0582f7603.jpg'),
       (18,
        'https://laughingather.oss-cn-qingdao.aliyuncs.com/gulimall/2021-09-14/4fa479e0-cc30-4499-84c3-c4b7b827f202_7d0a85a02ad7a261.jpg,https://laughingather.oss-cn-qingdao.aliyuncs.com/gulimall/2021-09-14/0793a2f9-d507-4ad1-8760-a41b2348dcf8_feac6e42af4eca15.jpg');

/*Table structure for table `undo_log` */

DROP TABLE IF EXISTS `undo_log`;

CREATE TABLE `undo_log`
(
    `id`            bigint(20) NOT NULL AUTO_INCREMENT,
    `branch_id`     bigint(20) NOT NULL,
    `xid`           varchar(100) NOT NULL,
    `context`       varchar(128) NOT NULL,
    `rollback_info` longblob     NOT NULL,
    `log_status`    int(11) NOT NULL,
    `log_created`   datetime     NOT NULL,
    `log_modified`  datetime     NOT NULL,
    `ext`           varchar(100) DEFAULT NULL,
    PRIMARY KEY (`id`),
    UNIQUE KEY `ux_undo_log` (`xid`, `branch_id`)
) ENGINE = InnoDB
  DEFAULT CHARSET = utf8;

/*Data for the table `undo_log` */

/*!40101 SET SQL_MODE = @OLD_SQL_MODE */;
/*!40014 SET FOREIGN_KEY_CHECKS = @OLD_FOREIGN_KEY_CHECKS */;
/*!40014 SET UNIQUE_CHECKS = @OLD_UNIQUE_CHECKS */;
/*!40111 SET SQL_NOTES = @OLD_SQL_NOTES */;
